invoiceno,invoicedate
536956,2010-12-03 12:43:00
C544901,2011-02-24 13:02:00
554921,2011-05-27 12:44:00
572309,2011-10-23 15:29:00
563534,2011-08-17 11:37:00
563909,2011-08-21 12:36:00
C554266,2011-05-23 12:48:00
563250,2011-08-15 11:38:00
554658,2011-05-25 14:18:00
563750,2011-08-19 10:18:00
537209,2010-12-05 15:12:00
563908,2011-08-21 12:21:00
554999,2011-05-29 15:44:00
544937,2011-02-25 10:09:00
545555,2011-03-03 15:17:00
554311,2011-05-23 15:28:00
545552,2011-03-03 15:11:00
571566,2011-10-18 10:19:00
563853,2011-08-19 15:22:00
537026,2010-12-03 16:35:00
571486,2011-10-17 14:59:00
555125,2011-05-31 15:26:00
555075,2011-05-31 12:05:00
564023,2011-08-22 12:16:00
571710,2011-10-18 15:54:00
572458,2011-10-24 12:51:00
572314,2011-10-23 15:59:00
C554140,2011-05-23 10:34:00
C545509,2011-03-03 11:54:00
536552,2010-12-01 14:34:00
537210,2010-12-05 15:15:00
571296,2011-10-16 16:13:00
545000,2011-02-25 12:37:00
537201,2010-12-05 14:19:00
572068,2011-10-20 13:20:00
537140,2010-12-05 12:53:00
C563606,2011-08-18 06:30:00
C572275,2011-10-23 09:42:00
C554361,2011-05-24 10:15:00
554371,2011-05-24 10:42:00
563741,2011-08-19 08:57:00
537065,2010-12-05 11:57:00
536561,2010-12-01 15:06:00
554824,2011-05-26 14:21:00
554640,2011-05-25 12:06:00
C571862,2011-10-19 13:45:00
554813,2011-05-26 13:26:00
571965,2011-10-20 10:41:00
554382,2011-05-24 11:55:00
563437,2011-08-16 12:52:00
C572546,2011-10-24 16:50:00
545135,2011-02-28 12:06:00
536546,2010-12-01 14:33:00
554314,2011-05-23 15:29:00
C554537,2011-05-24 17:45:00
563893,2011-08-19 17:10:00
537221,2010-12-05 15:54:00
554520,2011-05-24 17:03:00
571840,2011-10-19 12:16:00
545665,2011-03-04 15:20:00
571500,2011-10-17 15:09:00
C554374,2011-05-24 11:27:00
537055,2010-12-05 11:45:00
545546,2011-03-03 15:03:00
571745,2011-10-19 10:48:00
571550,2011-10-18 08:15:00
537206,2010-12-05 15:02:00
563246,2011-08-15 10:57:00
571719,2011-10-18 17:29:00
563857,2011-08-19 15:44:00
545578,2011-03-03 19:21:00
572045,2011-10-20 12:11:00
545574,2011-03-03 18:16:00
C563894,2011-08-21 09:18:00
536849,2010-12-03 09:45:00
545322,2011-03-01 14:56:00
572189,2011-10-21 11:08:00
537058,2010-12-05 11:51:00
536614,2010-12-02 09:44:00
571915,2011-10-19 15:34:00
544918,2011-02-24 16:30:00
572235,2011-10-21 14:42:00
545105,2011-02-28 11:58:00
572053,2011-10-20 12:28:00
563189,2011-08-12 15:22:00
544809,2011-02-23 15:41:00
563652,2011-08-18 10:43:00
571565,2011-10-18 10:18:00
563939,2011-08-22 09:28:00
545082,2011-02-28 10:37:00
571697,2011-10-18 14:49:00
563912,2011-08-21 12:58:00
545057,2011-02-27 12:49:00
C554973,2011-05-27 16:48:00
554526,2011-05-24 17:24:00
C572486,2011-10-24 13:51:00
563576,2011-08-17 15:06:00
536764,2010-12-02 14:42:00
555275,2011-06-01 17:18:00
571901,2011-10-19 14:36:00
572528,2011-10-24 15:43:00
572197,2011-10-21 11:56:00
571848,2011-10-19 12:50:00
545655,2011-03-04 13:58:00
545140,2011-02-28 12:08:00
554379,2011-05-24 11:35:00
554918,2011-05-27 12:29:00
545471,2011-03-03 10:34:00
572051,2011-10-20 12:24:00
C554872,2011-05-27 10:59:00
571891,2011-10-19 14:10:00
545424,2011-03-02 14:34:00
571720,2011-10-18 17:29:00
571511,2011-10-17 16:04:00
C545537,2011-03-03 14:14:00
554992,2011-05-29 14:08:00
545464,2011-03-03 09:10:00
545548,2011-03-03 15:08:00
572077,2011-10-20 14:09:00
572308,2011-10-23 15:27:00
544917,2011-02-24 15:56:00
554504,2011-05-24 15:13:00
C563601,2011-08-18 06:25:00
C554332,2011-05-23 17:14:00
C563592,2011-08-18 06:12:00
545184,2011-02-28 15:00:00
555107,2011-05-31 14:14:00
C571928,2011-10-19 16:44:00
536556,2010-12-01 14:38:00
572311,2011-10-23 15:45:00
536763,2010-12-02 14:42:00
C563220,2011-08-14 14:22:00
536985,2010-12-03 14:40:00
572284,2011-10-23 12:08:00
545062,2011-02-27 14:07:00
537022,2010-12-03 15:45:00
C572102,2011-10-20 15:56:00
536790,2010-12-02 15:26:00
C572120,2011-10-20 19:29:00
571844,2011-10-19 12:30:00
563208,2011-08-14 12:12:00
571741,2011-10-19 10:36:00
545414,2011-03-02 12:43:00
536759,2010-12-02 14:26:00
537215,2010-12-05 15:38:00
554116,2011-05-22 15:12:00
554125,2011-05-23 08:52:00
554712,2011-05-26 10:43:00
563938,2011-08-22 09:21:00
571670,2011-10-18 13:12:00
C563716,2011-08-18 16:14:00
571435,2011-10-17 13:23:00
536967,2010-12-03 12:57:00
C554338,2011-05-23 17:29:00
571657,2011-10-18 12:44:00
545229,2011-03-01 09:52:00
537037,2010-12-05 10:03:00
C563599,2011-08-18 06:22:00
563706,2011-08-18 14:48:00
545331,2011-03-01 15:49:00
563764,2011-08-19 11:15:00
536832,2010-12-02 17:41:00
536488,2010-12-01 12:31:00
563638,2011-08-18 10:36:00
563903,2011-08-21 11:15:00
555108,2011-05-31 14:18:00
572477,2011-10-24 13:39:00
563476,2011-08-16 15:22:00
563545,2011-08-17 12:20:00
563384,2011-08-16 10:52:00
563722,2011-08-18 16:32:00
536613,2010-12-02 09:44:00
564062,2011-08-22 14:41:00
545582,2011-03-04 09:05:00
555156,2011-06-01 07:37:00
555195,2011-06-01 11:27:00
545227,2011-03-01 09:35:00
536998,2010-12-03 15:30:00
C563221,2011-08-14 14:23:00
554834,2011-05-26 15:35:00
C554517,2011-05-24 16:55:00
C554873,2011-05-27 11:00:00
571324,2011-10-17 11:08:00
545237,2011-03-01 10:38:00
544821,2011-02-24 09:05:00
537044,2010-12-05 10:52:00
536555,2010-12-01 14:37:00
536401,2010-12-01 11:21:00
536616,2010-12-02 10:10:00
536941,2010-12-03 12:08:00
554937,2011-05-27 13:32:00
536408,2010-12-01 11:41:00
572232,2011-10-21 14:41:00
554432,2011-05-24 12:16:00
545224,2011-03-01 09:03:00
555147,2011-05-31 15:41:00
545081,2011-02-28 10:35:00
545526,2011-03-03 13:14:00
545570,2011-03-03 16:28:00
536765,2010-12-02 14:43:00
C536506,2010-12-01 12:38:00
571463,2011-10-17 14:23:00
563915,2011-08-21 13:24:00
545053,2011-02-27 12:41:00
C545532,2011-03-03 13:57:00
571292,2011-10-16 15:45:00
C563536,2011-08-17 11:39:00
536736,2010-12-02 12:59:00
564079,2011-08-22 15:55:00
563245,2011-08-15 10:54:00
572186,2011-10-21 10:55:00
572352,2011-10-24 11:39:00
C554345,2011-05-23 17:47:00
563443,2011-08-16 13:26:00
545563,2011-03-03 16:13:00
544802,2011-02-23 13:57:00
555005,2011-05-31 09:38:00
536393,2010-12-01 10:37:00
572030,2011-10-20 11:51:00
536747,2010-12-02 13:44:00
C554870,2011-05-27 10:57:00
571658,2011-10-18 12:48:00
C555244,2011-06-01 14:11:00
563743,2011-08-19 09:23:00
554163,2011-05-23 11:52:00
571936,2011-10-20 09:04:00
545554,2011-03-03 15:12:00
C572455,2011-10-24 12:41:00
572283,2011-10-23 11:42:00
554683,2011-05-25 16:09:00
572513,2011-10-24 14:36:00
572475,2011-10-24 13:37:00
C554331,2011-05-23 17:13:00
C554687,2011-05-25 16:49:00
545027,2011-02-25 14:59:00
564042,2011-08-22 12:52:00
537011,2010-12-03 15:38:00
554284,2011-05-23 14:14:00
536528,2010-12-01 13:17:00
571687,2011-10-18 14:23:00
571709,2011-10-18 15:52:00
536538,2010-12-01 13:54:00
571443,2011-10-17 13:43:00
536382,2010-12-01 09:45:00
571883,2011-10-19 13:58:00
536793,2010-12-02 15:39:00
572537,2011-10-24 16:09:00
C554926,2011-05-27 12:59:00
536676,2010-12-02 12:18:00
544822,2011-02-24 09:08:00
571297,2011-10-16 16:25:00
554940,2011-05-27 13:49:00
554837,2011-05-26 16:30:00
536846,2010-12-02 19:59:00
545426,2011-03-02 14:41:00
554978,2011-05-29 11:05:00
554547,2011-05-25 09:37:00
C554685,2011-05-25 16:30:00
536864,2010-12-03 11:27:00
554825,2011-05-26 14:45:00
536781,2010-12-02 15:14:00
554935,2011-05-27 13:30:00
C572489,2011-10-24 13:59:00
571594,2011-10-18 10:51:00
554543,2011-05-25 09:18:00
545235,2011-03-01 10:31:00
572516,2011-10-24 14:45:00
555025,2011-05-31 11:21:00
554816,2011-05-26 14:01:00
545052,2011-02-27 12:27:00
554967,2011-05-27 16:23:00
571717,2011-10-18 17:10:00
563936,2011-08-22 09:03:00
536608,2010-12-02 09:37:00
545326,2011-03-01 15:12:00
C563225,2011-08-14 14:35:00
572315,2011-10-23 16:00:00
571895,2011-10-19 14:14:00
571430,2011-10-17 12:51:00
537034,2010-12-03 17:20:00
545301,2011-03-01 12:26:00
554161,2011-05-23 11:49:00
554263,2011-05-23 12:32:00
555270,2011-06-01 16:23:00
554947,2011-05-27 14:29:00
537223,2010-12-05 16:10:00
554465,2011-05-24 12:36:00
536587,2010-12-01 16:33:00
571935,2011-10-20 08:41:00
544804,2011-02-23 14:40:00
545635,2011-03-04 12:14:00
563204,2011-08-14 11:49:00
554684,2011-05-25 16:28:00
564056,2011-08-22 14:13:00
544909,2011-02-24 14:32:00
564039,2011-08-22 12:40:00
C537043,2010-12-05 10:48:00
571595,2011-10-18 10:52:00
536995,2010-12-03 15:29:00
C572491,2011-10-24 14:02:00
554306,2011-05-23 14:59:00
554960,2011-05-27 15:18:00
572217,2011-10-21 13:03:00
554130,2011-05-23 09:42:00
C563223,2011-08-14 14:30:00
554570,2011-05-25 10:53:00
563450,2011-08-16 14:33:00
536582,2010-12-01 16:21:00
563468,2011-08-16 14:55:00
563930,2011-08-21 15:43:00
555260,2011-06-01 15:34:00
545310,2011-03-01 13:45:00
563729,2011-08-18 17:39:00
554698,2011-05-26 08:38:00
564059,2011-08-22 14:35:00
537038,2010-12-05 10:12:00
536845,2010-12-02 19:18:00
572301,2011-10-23 14:41:00
537205,2010-12-05 14:52:00
563426,2011-08-16 11:38:00
571864,2011-10-19 13:49:00
536590,2010-12-01 16:52:00
563843,2011-08-19 14:02:00
563259,2011-08-15 12:19:00
545029,2011-02-25 15:27:00
555203,2011-06-01 12:13:00
554545,2011-05-25 09:35:00
554162,2011-05-23 11:52:00
571668,2011-10-18 13:10:00
545290,2011-03-01 12:01:00
545601,2011-03-04 11:49:00
554351,2011-05-24 08:53:00
554677,2011-05-25 16:03:00
545564,2011-03-03 16:13:00
C555256,2011-06-01 15:21:00
571642,2011-10-18 12:07:00
563447,2011-08-16 14:25:00
554700,2011-05-26 09:18:00
536797,2010-12-02 15:49:00
545221,2011-03-01 08:35:00
571853,2011-10-19 13:23:00
536841,2010-12-02 18:27:00
C536383,2010-12-01 09:49:00
572399,2011-10-24 11:56:00
571412,2011-10-17 12:33:00
571728,2011-10-19 09:18:00
C554518,2011-05-24 16:58:00
C545189,2011-02-28 15:19:00
C563595,2011-08-18 06:15:00
555012,2011-05-31 10:43:00
571554,2011-10-18 09:13:00
536612,2010-12-02 09:44:00
572221,2011-10-21 13:27:00
563499,2011-08-16 17:06:00
571903,2011-10-19 14:40:00
572320,2011-10-24 08:48:00
545087,2011-02-28 11:46:00
C563591,2011-08-18 06:10:00
545666,2011-03-04 15:33:00
537219,2010-12-05 15:47:00
571305,2011-10-17 09:55:00
572541,2011-10-24 16:20:00
545304,2011-03-01 12:51:00
536593,2010-12-01 17:15:00
555161,2011-06-01 09:26:00
545598,2011-03-04 11:16:00
572306,2011-10-23 15:11:00
545073,2011-02-28 09:26:00
554943,2011-05-27 14:10:00
571405,2011-10-17 12:12:00
563358,2011-08-15 14:51:00
564132,2011-08-23 10:56:00
536568,2010-12-01 15:28:00
544833,2011-02-24 10:10:00
536641,2010-12-02 11:46:00
572348,2011-10-24 11:21:00
C564138,2011-08-23 11:36:00
571549,2011-10-18 08:12:00
571926,2011-10-19 16:41:00
563692,2011-08-18 13:01:00
C545458,2011-03-02 17:19:00
563690,2011-08-18 12:53:00
572212,2011-10-21 12:25:00
554128,2011-05-23 09:26:00
572540,2011-10-24 16:17:00
571476,2011-10-17 14:51:00
537194,2010-12-05 13:53:00
537008,2010-12-03 15:37:00
C572485,2011-10-24 13:50:00
544931,2011-02-24 18:59:00
572288,2011-10-23 12:28:00
563532,2011-08-17 11:04:00
563905,2011-08-21 11:43:00
536866,2010-12-03 11:28:00
536740,2010-12-02 13:08:00
545402,2011-03-02 12:07:00
563465,2011-08-16 14:55:00
537159,2010-12-05 13:17:00
563362,2011-08-15 16:13:00
C554715,2011-05-26 11:02:00
537192,2010-12-05 13:42:00
563504,2011-08-17 09:16:00
554549,2011-05-25 09:57:00
536996,2010-12-03 15:30:00
572052,2011-10-20 12:26:00
545315,2011-03-01 14:14:00
536634,2010-12-02 11:21:00
545586,2011-03-04 09:44:00
554381,2011-05-24 11:46:00
537052,2010-12-05 11:15:00
572341,2011-10-24 10:36:00
554301,2011-05-23 14:46:00
545448,2011-03-02 16:35:00
564052,2011-08-22 13:40:00
554656,2011-05-25 13:36:00
572547,2011-10-24 17:01:00
536619,2010-12-02 10:18:00
554534,2011-05-24 17:34:00
572094,2011-10-20 14:52:00
572183,2011-10-21 10:50:00
545185,2011-02-28 15:04:00
536394,2010-12-01 10:39:00
C571902,2011-10-19 14:39:00
563705,2011-08-18 14:33:00
536698,2010-12-02 12:28:00
564054,2011-08-22 13:55:00
545566,2011-03-03 16:14:00
C545432,2011-03-02 15:15:00
572193,2011-10-21 11:33:00
555015,2011-05-31 10:45:00
554917,2011-05-27 12:29:00
572292,2011-10-23 12:56:00
537128,2010-12-05 12:15:00
555116,2011-05-31 15:16:00
554277,2011-05-23 13:20:00
536990,2010-12-03 15:14:00
572229,2011-10-21 14:23:00
563575,2011-08-17 15:05:00
554938,2011-05-27 13:34:00
536575,2010-12-01 16:01:00
554815,2011-05-26 13:46:00
572423,2011-10-24 12:02:00
545401,2011-03-02 12:03:00
C554330,2011-05-23 17:08:00
536745,2010-12-02 13:38:00
545162,2011-02-28 13:35:00
554868,2011-05-27 10:52:00
536690,2010-12-02 12:25:00
571690,2011-10-18 14:32:00
545294,2011-03-01 12:07:00
563436,2011-08-16 12:32:00
571629,2011-10-18 11:18:00
536685,2010-12-02 12:23:00
572185,2011-10-21 10:52:00
563736,2011-08-18 18:21:00
572061,2011-10-20 12:53:00
537204,2010-12-05 14:45:00
563626,2011-08-18 10:31:00
554906,2011-05-27 11:41:00
545341,2011-03-02 09:03:00
C545639,2011-03-04 12:28:00
C536816,2010-12-02 17:06:00
C563602,2011-08-18 06:26:00
537111,2010-12-05 12:08:00
572078,2011-10-20 14:10:00
545415,2011-03-02 13:03:00
545411,2011-03-02 12:21:00
554415,2011-05-24 12:10:00
572048,2011-10-20 12:21:00
571509,2011-10-17 15:28:00
545163,2011-02-28 13:39:00
536783,2010-12-02 15:19:00
563213,2011-08-14 12:55:00
545461,2011-03-03 08:24:00
536969,2010-12-03 13:10:00
C545569,2011-03-03 16:25:00
572239,2011-10-21 15:15:00
564088,2011-08-23 09:38:00
571929,2011-10-19 16:47:00
536777,2010-12-02 15:00:00
C554847,2011-05-26 19:56:00
545036,2011-02-25 17:25:00
563238,2011-08-15 09:59:00
C555013,2011-05-31 10:44:00
554808,2011-05-26 13:01:00
554650,2011-05-25 12:54:00
536576,2010-12-01 16:11:00
571726,2011-10-19 09:00:00
C571699,2011-10-18 14:51:00
563738,2011-08-18 19:13:00
571698,2011-10-18 14:50:00
554617,2011-05-25 11:21:00
563214,2011-08-14 12:56:00
572454,2011-10-24 12:38:00
545591,2011-03-04 10:28:00
545338,2011-03-01 17:32:00
563700,2011-08-18 13:55:00
536601,2010-12-02 08:33:00
571894,2011-10-19 14:13:00
571730,2011-10-19 09:48:00
545521,2011-03-03 12:30:00
545524,2011-03-03 12:53:00
554315,2011-05-23 15:29:00
555119,2011-05-31 15:22:00
564038,2011-08-22 12:32:00
C571473,2011-10-17 14:38:00
554966,2011-05-27 16:17:00
554350,2011-05-24 08:51:00
563501,2011-08-16 17:27:00
563432,2011-08-16 12:12:00
564136,2011-08-23 11:16:00
555149,2011-05-31 15:49:00
536848,2010-12-03 09:39:00
C536760,2010-12-02 14:29:00
563898,2011-08-21 10:48:00
563688,2011-08-18 12:41:00
545660,2011-03-04 14:28:00
C572531,2011-10-24 15:57:00
545181,2011-02-28 14:45:00
554861,2011-05-27 10:29:00
545213,2011-02-28 16:36:00
572294,2011-10-23 13:10:00
563697,2011-08-18 13:44:00
536560,2010-12-01 15:00:00
554974,2011-05-27 17:14:00
572533,2011-10-24 16:06:00
571943,2011-10-20 10:10:00
571831,2011-10-19 12:01:00
555112,2011-05-31 14:48:00
536527,2010-12-01 13:04:00
554164,2011-05-23 11:58:00
C572467,2011-10-24 13:29:00
536884,2010-12-03 11:42:00
571918,2011-10-19 16:05:00
544808,2011-02-23 15:11:00
555093,2011-05-31 13:15:00
555199,2011-06-01 12:05:00
C572022,2011-10-20 10:58:00
564135,2011-08-23 11:12:00
545412,2011-03-02 12:24:00
563850,2011-08-19 15:06:00
536786,2010-12-02 15:23:00
544904,2011-02-24 13:46:00
537137,2010-12-05 12:43:00
C572228,2011-10-21 14:03:00
555257,2011-06-01 15:28:00
554810,2011-05-26 13:16:00
563707,2011-08-18 14:53:00
554795,2011-05-26 12:46:00
C545444,2011-03-02 16:24:00
571665,2011-10-18 12:59:00
537042,2010-12-05 10:45:00
C555252,2011-06-01 15:13:00
545571,2011-03-03 16:34:00
545667,2011-03-04 16:07:00
555104,2011-05-31 14:02:00
C572118,2011-10-20 19:21:00
C571678,2011-10-18 13:33:00
545127,2011-02-28 12:04:00
572076,2011-10-20 14:01:00
536630,2010-12-02 10:56:00
C555254,2011-06-01 15:17:00
C571907,2011-10-19 14:55:00
537131,2010-12-05 12:26:00
554993,2011-05-29 14:13:00
571890,2011-10-19 14:05:00
536852,2010-12-03 09:51:00
536609,2010-12-02 09:41:00
554827,2011-05-26 15:19:00
571460,2011-10-17 14:06:00
545419,2011-03-02 14:16:00
563747,2011-08-19 10:05:00
554508,2011-05-24 15:33:00
563353,2011-08-15 14:32:00
563260,2011-08-15 12:22:00
572340,2011-10-24 10:36:00
555111,2011-05-31 14:37:00
545316,2011-03-01 14:14:00
554669,2011-05-25 15:31:00
C554300,2011-05-23 14:33:00
545429,2011-03-02 14:46:00
536942,2010-12-03 12:08:00
554352,2011-05-24 08:57:00
572034,2011-10-20 12:00:00
536739,2010-12-02 13:08:00
555198,2011-06-01 11:52:00
537153,2010-12-05 13:03:00
554855,2011-05-27 09:48:00
554320,2011-05-23 15:32:00
554362,2011-05-24 10:17:00
572107,2011-10-20 17:13:00
563365,2011-08-16 08:50:00
537021,2010-12-03 15:43:00
563727,2011-08-18 17:04:00
554655,2011-05-25 13:35:00
545348,2011-03-02 10:49:00
C571634,2011-10-18 11:34:00
571712,2011-10-18 16:46:00
564016,2011-08-22 11:44:00
C544827,2011-02-24 09:45:00
563911,2011-08-21 12:39:00
554817,2011-05-26 14:08:00
545590,2011-03-04 10:24:00
545597,2011-03-04 10:58:00
572244,2011-10-21 15:54:00
563906,2011-08-21 11:50:00
563728,2011-08-18 17:09:00
C563577,2011-08-17 15:06:00
C545531,2011-03-03 13:45:00
563650,2011-08-18 10:43:00
C572456,2011-10-24 12:44:00
571729,2011-10-19 09:43:00
563932,2011-08-21 15:50:00
572055,2011-10-20 12:34:00
C554486,2011-05-24 13:25:00
572464,2011-10-24 13:08:00
C545440,2011-03-02 16:03:00
C572535,2011-10-24 16:07:00
572543,2011-10-24 16:24:00
537030,2010-12-03 16:44:00
545585,2011-03-04 09:32:00
536577,2010-12-01 16:13:00
C537024,2010-12-03 16:21:00
572338,2011-10-24 10:30:00
545038,2011-02-27 10:13:00
572203,2011-10-21 12:05:00
545306,2011-03-01 13:04:00
554510,2011-05-24 15:51:00
554282,2011-05-23 14:01:00
563555,2011-08-17 13:21:00
554976,2011-05-29 10:57:00
544799,2011-02-23 13:45:00
C572299,2011-10-23 14:35:00
572099,2011-10-20 15:43:00
571667,2011-10-18 13:04:00
572274,2011-10-21 16:48:00
C554539,2011-05-24 17:47:00
536558,2010-12-01 14:48:00
564140,2011-08-23 11:47:00
554515,2011-05-24 16:25:00
563851,2011-08-19 15:06:00
572335,2011-10-24 10:27:00
544940,2011-02-25 10:19:00
545399,2011-03-02 11:48:00
563561,2011-08-17 14:02:00
563691,2011-08-18 12:53:00
571987,2011-10-20 10:47:00
C536820,2010-12-02 17:14:00
554363,2011-05-24 10:19:00
536811,2010-12-02 16:51:00
545295,2011-03-01 12:09:00
544911,2011-02-24 15:01:00
563540,2011-08-17 12:04:00
536569,2010-12-01 15:35:00
C536814,2010-12-02 17:03:00
C572112,2011-10-20 19:13:00
545026,2011-02-25 14:51:00
545654,2011-03-04 13:46:00
536989,2010-12-03 15:10:00
571941,2011-10-20 10:04:00
571677,2011-10-18 13:32:00
544896,2011-02-24 12:25:00
572326,2011-10-24 09:55:00
C563537,2011-08-17 11:40:00
C545529,2011-03-03 13:26:00
536809,2010-12-02 16:48:00
545056,2011-02-27 12:48:00
554264,2011-05-23 12:35:00
563507,2011-08-17 10:08:00
554138,2011-05-23 10:21:00
554281,2011-05-23 13:41:00
572327,2011-10-24 10:08:00
545645,2011-03-04 12:42:00
554488,2011-05-24 13:35:00
571905,2011-10-19 14:51:00
564034,2011-08-22 12:22:00
554627,2011-05-25 11:26:00
554272,2011-05-23 13:08:00
C554530,2011-05-24 17:28:00
571735,2011-10-19 10:04:00
563920,2011-08-21 14:00:00
544968,2011-02-25 11:30:00
537015,2010-12-03 15:41:00
536423,2010-12-01 12:08:00
537028,2010-12-03 16:36:00
563381,2011-08-16 10:48:00
536693,2010-12-02 12:26:00
545573,2011-03-03 16:58:00
563849,2011-08-19 15:04:00
572452,2011-10-24 12:36:00
571654,2011-10-18 12:17:00
572465,2011-10-24 13:26:00
563842,2011-08-19 13:54:00
536810,2010-12-02 16:50:00
545340,2011-03-02 08:41:00
555073,2011-05-31 11:39:00
563808,2011-08-19 11:46:00
537000,2010-12-03 15:32:00
572466,2011-10-24 13:28:00
572519,2011-10-24 14:56:00
571715,2011-10-18 17:04:00
536794,2010-12-02 15:40:00
554495,2011-05-24 14:18:00
536557,2010-12-01 14:41:00
554989,2011-05-29 13:50:00
563956,2011-08-22 11:03:00
C555253,2011-06-01 15:14:00
C555074,2011-05-31 11:44:00
C536807,2010-12-02 16:45:00
563662,2011-08-18 11:40:00
544913,2011-02-24 15:26:00
564017,2011-08-22 11:44:00
545153,2011-02-28 12:57:00
544893,2011-02-24 12:01:00
545042,2011-02-27 10:41:00
C572059,2011-10-20 12:45:00
571748,2011-10-19 11:13:00
572236,2011-10-21 14:42:00
564037,2011-08-22 12:26:00
563571,2011-08-17 14:58:00
C554150,2011-05-23 11:07:00
537212,2010-12-05 15:21:00
563685,2011-08-18 12:26:00
563720,2011-08-18 16:24:00
572127,2011-10-21 09:20:00
536837,2010-12-02 18:15:00
572517,2011-10-24 14:47:00
571474,2011-10-17 14:41:00
C554851,2011-05-27 09:17:00
545441,2011-03-02 16:17:00
563551,2011-08-17 13:04:00
544905,2011-02-24 13:54:00
536531,2010-12-01 13:23:00
563730,2011-08-18 17:43:00
545325,2011-03-01 15:01:00
563931,2011-08-21 15:49:00
544930,2011-02-24 18:26:00
571407,2011-10-17 12:16:00
571704,2011-10-18 15:15:00
545188,2011-02-28 15:19:00
554559,2011-05-25 10:28:00
571404,2011-10-17 12:04:00
C536543,2010-12-01 14:30:00
554944,2011-05-27 14:12:00
C545450,2011-03-02 16:46:00
571446,2011-10-17 13:46:00
563425,2011-08-16 11:37:00
572126,2011-10-21 09:04:00
536974,2010-12-03 13:59:00
555213,2011-06-01 12:22:00
536632,2010-12-02 11:02:00
544819,2011-02-23 17:15:00
554276,2011-05-23 13:19:00
571939,2011-10-20 09:40:00
536574,2010-12-01 15:46:00
571302,2011-10-17 09:07:00
536771,2010-12-02 14:49:00
C545510,2011-03-03 11:56:00
C554523,2011-05-24 17:17:00
C571619,2011-10-18 10:58:00
536591,2010-12-01 16:57:00
C545068,2011-02-27 15:07:00
563236,2011-08-15 09:45:00
563202,2011-08-14 11:16:00
C554690,2011-05-25 16:56:00
545165,2011-02-28 13:41:00
C571750,2011-10-19 11:16:00
572062,2011-10-20 12:57:00
571718,2011-10-18 17:29:00
536598,2010-12-02 07:48:00
555264,2011-06-01 16:03:00
C554931,2011-05-27 13:21:00
572279,2011-10-23 10:56:00
544825,2011-02-24 09:32:00
563937,2011-08-22 09:10:00
555201,2011-06-01 12:10:00
C571695,2011-10-18 14:46:00
536520,2010-12-01 12:43:00
554679,2011-05-25 16:04:00
545015,2011-02-25 13:40:00
572461,2011-10-24 12:56:00
564091,2011-08-23 09:57:00
554956,2011-05-27 15:17:00
536944,2010-12-03 12:20:00
536778,2010-12-02 15:03:00
572139,2011-10-21 10:19:00
C555255,2011-06-01 15:19:00
536533,2010-12-01 13:31:00
545074,2011-02-28 09:28:00
C572448,2011-10-24 12:28:00
564048,2011-08-22 13:20:00
563925,2011-08-21 14:42:00
554791,2011-05-26 12:12:00
536370,2010-12-01 08:45:00
572049,2011-10-20 12:21:00
571920,2011-10-19 16:16:00
537139,2010-12-05 12:47:00
564060,2011-08-22 14:37:00
554630,2011-05-25 11:34:00
545004,2011-02-25 12:48:00
545305,2011-03-01 12:58:00
545154,2011-02-28 13:09:00
571559,2011-10-18 09:32:00
563245,2011-08-15 10:53:00
563467,2011-08-16 14:55:00
545646,2011-03-04 12:42:00
545596,2011-03-04 10:49:00
536857,2010-12-03 10:33:00
545663,2011-03-04 14:52:00
572339,2011-10-24 10:32:00
564095,2011-08-23 10:31:00
C555105,2011-05-31 14:09:00
563233,2011-08-14 15:56:00
545226,2011-03-01 09:33:00
536409,2010-12-01 11:45:00
536376,2010-12-01 09:32:00
536988,2010-12-03 15:05:00
545636,2011-03-04 12:15:00
545459,2011-03-02 17:21:00
544824,2011-02-24 09:32:00
571737,2011-10-19 10:31:00
537019,2010-12-03 15:43:00
545300,2011-03-01 12:24:00
C555268,2011-06-01 16:17:00
554632,2011-05-25 11:41:00
545037,2011-02-27 10:02:00
563449,2011-08-16 14:28:00
554324,2011-05-23 15:38:00
536594,2010-12-01 17:22:00
555103,2011-05-31 13:58:00
C563224,2011-08-14 14:33:00
554857,2011-05-27 10:08:00
572272,2011-10-21 16:18:00
554928,2011-05-27 13:03:00
536756,2010-12-02 14:23:00
571944,2011-10-20 10:15:00
C563218,2011-08-14 14:15:00
545602,2011-03-04 11:49:00
545575,2011-03-03 18:28:00
544929,2011-02-24 18:14:00
563442,2011-08-16 13:25:00
537129,2010-12-05 12:15:00
572092,2011-10-20 14:41:00
554157,2011-05-23 11:33:00
554951,2011-05-27 14:48:00
572095,2011-10-20 15:15:00
544928,2011-02-24 18:07:00
554828,2011-05-26 15:21:00
563357,2011-08-15 14:50:00
564053,2011-08-22 13:42:00
554278,2011-05-23 13:25:00
571465,2011-10-17 14:29:00
554360,2011-05-24 09:59:00
C572187,2011-10-21 11:00:00
536813,2010-12-02 16:59:00
536688,2010-12-02 12:24:00
554844,2011-05-26 19:38:00
545559,2011-03-03 15:31:00
544915,2011-02-24 15:41:00
554860,2011-05-27 10:20:00
572058,2011-10-20 12:43:00
563230,2011-08-14 15:39:00
554116,2011-05-22 15:11:00
C544897,2011-02-24 12:27:00
545075,2011-02-28 09:33:00
563855,2011-08-19 15:29:00
C554535,2011-05-24 17:36:00
563734,2011-08-18 18:11:00
571461,2011-10-17 14:12:00
545515,2011-03-03 12:06:00
537029,2010-12-03 16:37:00
545518,2011-03-03 12:24:00
563940,2011-08-22 09:30:00
571914,2011-10-19 15:33:00
563924,2011-08-21 14:32:00
554985,2011-05-29 12:26:00
554915,2011-05-27 12:23:00
554270,2011-05-23 13:05:00
545158,2011-02-28 13:28:00
572447,2011-10-24 12:25:00
563557,2011-08-17 13:33:00
554927,2011-05-27 13:00:00
571931,2011-10-19 16:59:00
554634,2011-05-25 11:44:00
564047,2011-08-22 13:03:00
536534,2010-12-01 13:33:00
C545003,2011-02-25 12:46:00
545345,2011-03-02 09:33:00
C554493,2011-05-24 13:59:00
545045,2011-02-27 11:40:00
C554127,2011-05-23 09:24:00
571673,2011-10-18 13:19:00
571458,2011-10-17 14:02:00
536553,2010-12-01 14:35:00
C571507,2011-10-17 15:24:00
554651,2011-05-25 12:55:00
544942,2011-02-25 10:29:00
571714,2011-10-18 17:00:00
563902,2011-08-21 11:06:00
554553,2011-05-25 09:59:00
563834,2011-08-19 12:50:00
571653,2011-10-18 12:17:00
554132,2011-05-23 09:43:00
563522,2011-08-17 10:59:00
545400,2011-03-02 12:03:00
554995,2011-05-29 14:23:00
554948,2011-05-27 14:29:00
554506,2011-05-24 15:22:00
545021,2011-02-25 14:11:00
545630,2011-03-04 12:06:00
C571635,2011-10-18 11:39:00
564057,2011-08-22 14:20:00
554502,2011-05-24 14:47:00
572319,2011-10-23 16:19:00
536389,2010-12-01 10:03:00
C545520,2011-03-03 12:30:00
536874,2010-12-03 11:35:00
537126,2010-12-05 12:13:00
544899,2011-02-24 12:32:00
536738,2010-12-02 13:06:00
554965,2011-05-27 16:00:00
545030,2011-02-25 15:32:00
555124,2011-05-31 15:26:00
545603,2011-03-04 11:49:00
571314,2011-10-17 10:43:00
C571499,2011-10-17 15:07:00
563500,2011-08-16 17:25:00
563203,2011-08-14 11:31:00
C563593,2011-08-18 06:13:00
544926,2011-02-24 17:51:00
571809,2011-10-19 11:44:00
571906,2011-10-19 14:55:00
537014,2010-12-03 15:40:00
554637,2011-05-25 11:58:00
564087,2011-08-23 09:38:00
563370,2011-08-16 09:34:00
544935,2011-02-25 09:09:00
544908,2011-02-24 14:27:00
554145,2011-05-23 10:43:00
C536855,2010-12-03 10:11:00
537013,2010-12-03 15:40:00
554694,2011-05-25 17:06:00
536562,2010-12-01 15:08:00
572190,2011-10-21 11:16:00
571685,2011-10-18 14:15:00
544922,2011-02-24 16:46:00
564022,2011-08-22 12:10:00
554348,2011-05-24 08:49:00
545058,2011-02-27 13:03:00
571923,2011-10-19 16:24:00
571326,2011-10-17 11:11:00
554654,2011-05-25 13:34:00
572317,2011-10-23 16:13:00
554129,2011-05-23 09:39:00
563929,2011-08-21 15:35:00
536750,2010-12-02 14:04:00
C563607,2011-08-18 06:31:00
536539,2010-12-01 14:03:00
554181,2011-05-23 12:09:00
545425,2011-03-02 14:39:00
536856,2010-12-03 10:26:00
572028,2011-10-20 11:47:00
554695,2011-05-25 17:12:00
563896,2011-08-21 10:44:00
572451,2011-10-24 12:36:00
555095,2011-05-31 13:32:00
C563604,2011-08-18 06:28:00
545583,2011-03-04 09:08:00
563952,2011-08-22 10:44:00
563620,2011-08-18 10:06:00
537200,2010-12-05 14:17:00
545433,2011-03-02 15:15:00
571496,2011-10-17 15:02:00
544920,2011-02-24 16:31:00
544796,2011-02-23 13:37:00
554299,2011-05-23 14:28:00
572222,2011-10-21 13:27:00
555102,2011-05-31 13:50:00
571702,2011-10-18 15:06:00
C554342,2011-05-23 17:42:00
536365,2010-12-01 08:26:00
554375,2011-05-24 11:29:00
571547,2011-10-18 07:43:00
C554153,2011-05-23 11:21:00
555007,2011-05-31 09:52:00
536550,2010-12-01 14:34:00
571436,2011-10-17 13:23:00
C554692,2011-05-25 16:57:00
571555,2011-10-18 09:15:00
571736,2011-10-19 10:05:00
572047,2011-10-20 12:13:00
563703,2011-08-18 14:02:00
C572398,2011-10-24 11:55:00
C545504,2011-03-03 11:35:00
571857,2011-10-19 13:38:00
536618,2010-12-02 10:17:00
572476,2011-10-24 13:39:00
C572226,2011-10-21 13:58:00
554762,2011-05-26 11:37:00
572483,2011-10-24 13:50:00
572332,2011-10-24 10:20:00
C563838,2011-08-19 13:13:00
544932,2011-02-25 08:14:00
571457,2011-10-17 14:01:00
554441,2011-05-24 12:22:00
554376,2011-05-24 11:31:00
545517,2011-03-03 12:20:00
563947,2011-08-22 10:18:00
563510,2011-08-17 10:50:00
C563773,2011-08-19 11:18:00
572224,2011-10-21 13:46:00
536549,2010-12-01 14:34:00
545418,2011-03-02 13:56:00
537158,2010-12-05 13:10:00
571843,2011-10-19 12:28:00
545468,2011-03-03 09:41:00
545011,2011-02-25 13:05:00
545156,2011-02-28 13:27:00
572032,2011-10-20 11:54:00
544807,2011-02-23 15:03:00
536563,2010-12-01 15:08:00
536572,2010-12-01 15:40:00
C564134,2011-08-23 11:02:00
536405,2010-12-01 11:32:00
554513,2011-05-24 15:56:00
572281,2011-10-23 11:10:00
572490,2011-10-24 13:59:00
536824,2010-12-02 17:24:00
563830,2011-08-19 12:20:00
C572463,2011-10-24 13:07:00
C563751,2011-08-19 10:37:00
563923,2011-08-21 14:19:00
537012,2010-12-03 15:39:00
571655,2011-10-18 12:18:00
571561,2011-10-18 10:02:00
C571501,2011-10-17 15:14:00
536530,2010-12-01 13:21:00
545002,2011-02-25 12:43:00
554487,2011-05-24 13:27:00
572240,2011-10-21 15:18:00
563686,2011-08-18 12:30:00
572091,2011-10-20 14:40:00
572069,2011-10-20 13:24:00
C554203,2011-05-23 12:14:00
572121,2011-10-20 19:51:00
563919,2011-08-21 13:48:00
563566,2011-08-17 14:25:00
571304,2011-10-17 09:37:00
571683,2011-10-18 14:07:00
C554874,2011-05-27 11:02:00
536416,2010-12-01 11:58:00
563714,2011-08-18 15:51:00
536804,2010-12-02 16:34:00
545152,2011-02-28 12:47:00
536629,2010-12-02 10:55:00
537048,2010-12-05 11:03:00
554142,2011-05-23 10:38:00
545544,2011-03-03 14:56:00
563910,2011-08-21 12:37:00
563234,2011-08-15 08:26:00
545477,2011-03-03 11:07:00
564018,2011-08-22 11:51:00
537135,2010-12-05 12:35:00
571409,2011-10-17 12:25:00
572277,2011-10-23 10:38:00
571743,2011-10-19 10:38:00
564092,2011-08-23 10:24:00
537202,2010-12-05 14:25:00
563745,2011-08-19 09:38:00
554636,2011-05-25 11:52:00
572325,2011-10-24 09:54:00
554579,2011-05-25 10:56:00
563719,2011-08-18 16:19:00
C554527,2011-05-24 17:25:00
554139,2011-05-23 10:34:00
C536828,2010-12-02 17:35:00
537027,2010-12-03 16:36:00
554836,2011-05-26 16:25:00
554149,2011-05-23 10:53:00
545588,2011-03-04 10:03:00
572098,2011-10-20 15:38:00
572097,2011-10-20 15:30:00
572318,2011-10-23 16:19:00
544907,2011-02-24 14:15:00
544826,2011-02-24 09:36:00
554483,2011-05-24 12:57:00
572210,2011-10-21 12:12:00
571679,2011-10-18 13:41:00
545176,2011-02-28 14:19:00
C545513,2011-03-03 12:02:00
545576,2011-03-03 18:46:00
554121,2011-05-22 15:31:00
554554,2011-05-25 10:02:00
571410,2011-10-17 12:32:00
572331,2011-10-24 10:18:00
536502,2010-12-01 12:36:00
536466,2010-12-01 12:23:00
545076,2011-02-28 09:43:00
554812,2011-05-26 13:21:00
572134,2011-10-21 10:13:00
571731,2011-10-19 09:51:00
536674,2010-12-02 12:16:00
572298,2011-10-23 14:33:00
555115,2011-05-31 14:58:00
545557,2011-03-03 15:30:00
C571854,2011-10-19 13:24:00
571910,2011-10-19 15:09:00
563348,2011-08-15 13:48:00
536579,2010-12-01 16:16:00
C554688,2011-05-25 16:50:00
563543,2011-08-17 12:06:00
537004,2010-12-03 15:34:00
536792,2010-12-02 15:28:00
544923,2011-02-24 17:14:00
571839,2011-10-19 12:12:00
554322,2011-05-23 15:33:00
563564,2011-08-17 14:11:00
572351,2011-10-24 11:38:00
571438,2011-10-17 13:25:00
554675,2011-05-25 16:01:00
554794,2011-05-26 12:41:00
545553,2011-03-03 15:12:00
554631,2011-05-25 11:35:00
545519,2011-03-03 12:27:00
563812,2011-08-19 11:47:00
572457,2011-10-24 12:44:00
536524,2010-12-01 12:51:00
563701,2011-08-18 13:55:00
C572116,2011-10-20 19:17:00
563431,2011-08-16 12:00:00
555009,2011-05-31 10:32:00
572328,2011-10-24 10:11:00
571732,2011-10-19 09:58:00
554421,2011-05-24 12:12:00
536396,2010-12-01 10:51:00
571475,2011-10-17 14:42:00
571734,2011-10-19 09:59:00
564083,2011-08-23 08:54:00
C571855,2011-10-19 13:36:00
C544902,2011-02-24 13:05:00
C536734,2010-12-02 12:50:00
554798,2011-05-26 12:52:00
536791,2010-12-02 15:27:00
563981,2011-08-22 11:13:00
C545437,2011-03-02 15:52:00
554507,2011-05-24 15:29:00
545428,2011-03-02 14:43:00
C555258,2011-06-01 15:29:00
554261,2011-05-23 12:32:00
536375,2010-12-01 09:32:00
563687,2011-08-18 12:32:00
572295,2011-10-23 13:49:00
572075,2011-10-20 13:55:00
545041,2011-02-27 10:30:00
563580,2011-08-17 15:53:00
571664,2011-10-18 12:59:00
536399,2010-12-01 10:52:00
536844,2010-12-02 18:49:00
572305,2011-10-23 15:09:00
C572115,2011-10-20 19:16:00
C537132,2010-12-05 12:29:00
571306,2011-10-17 09:57:00
571716,2011-10-18 17:05:00
545155,2011-02-28 13:25:00
554830,2011-05-26 15:22:00
554866,2011-05-27 10:41:00
554629,2011-05-25 11:34:00
563753,2011-08-19 10:51:00
C554533,2011-05-24 17:33:00
C536979,2010-12-03 14:23:00
C545454,2011-03-02 17:04:00
572024,2011-10-20 11:17:00
545323,2011-03-01 14:57:00
571671,2011-10-18 13:15:00
554160,2011-05-23 11:49:00
563699,2011-08-18 13:47:00
571544,2011-10-17 16:53:00
537144,2010-12-05 13:00:00
537020,2010-12-03 15:43:00
571433,2011-10-17 13:19:00
536821,2010-12-02 17:17:00
536602,2010-12-02 08:34:00
544945,2011-02-25 10:53:00
545020,2011-02-25 14:03:00
545161,2011-02-28 13:34:00
537213,2010-12-05 15:26:00
544834,2011-02-24 10:15:00
537036,2010-12-03 17:28:00
563350,2011-08-15 14:10:00
555004,2011-05-31 09:37:00
536578,2010-12-01 16:15:00
C572117,2011-10-20 19:19:00
563228,2011-08-14 15:34:00
537136,2010-12-05 12:42:00
536733,2010-12-02 12:50:00
536842,2010-12-02 18:45:00
554524,2011-05-24 17:18:00
C545650,2011-03-04 13:14:00
555263,2011-06-01 15:47:00
554312,2011-05-23 15:28:00
545025,2011-02-25 14:40:00
563190,2011-08-12 15:41:00
C545569,2011-03-03 16:26:00
555194,2011-06-01 11:13:00
536623,2010-12-02 10:39:00
563361,2011-08-15 15:17:00
572300,2011-10-23 14:40:00
537018,2010-12-03 15:42:00
571437,2011-10-17 13:23:00
563191,2011-08-12 16:07:00
536986,2010-12-03 14:40:00
536968,2010-12-03 13:09:00
544996,2011-02-25 11:53:00
545634,2011-03-04 12:12:00
545561,2011-03-03 16:12:00
545637,2011-03-04 12:16:00
545276,2011-03-01 11:30:00
537081,2010-12-05 12:00:00
571705,2011-10-18 15:22:00
554546,2011-05-25 09:37:00
572287,2011-10-23 12:26:00
572231,2011-10-21 14:41:00
536596,2010-12-01 17:29:00
564085,2011-08-23 09:17:00
554932,2011-05-27 13:24:00
C563594,2011-08-18 06:14:00
545659,2011-03-04 14:21:00
572033,2011-10-20 11:58:00
563755,2011-08-19 10:58:00
555157,2011-06-01 07:38:00
563429,2011-08-16 11:48:00
C572334,2011-10-24 10:25:00
572297,2011-10-23 14:30:00
537130,2010-12-05 12:23:00
537003,2010-12-03 15:33:00
C572441,2011-10-24 12:08:00
C563596,2011-08-18 06:19:00
544898,2011-02-24 12:27:00
C555100,2011-05-31 13:45:00
563364,2011-08-16 08:39:00
554647,2011-05-25 12:39:00
571444,2011-10-17 13:44:00
572213,2011-10-21 12:44:00
C563605,2011-08-18 06:29:00
555113,2011-05-31 14:48:00
555240,2011-06-01 13:07:00
C536829,2010-12-02 17:36:00
C545439,2011-03-02 15:58:00
571672,2011-10-18 13:15:00
545157,2011-02-28 13:27:00
545530,2011-03-03 13:45:00
555232,2011-06-01 12:33:00
571636,2011-10-18 11:41:00
555016,2011-05-31 11:09:00
572291,2011-10-23 12:46:00
572550,2011-10-24 17:06:00
554143,2011-05-23 10:40:00
536983,2010-12-03 14:30:00
C554308,2011-05-23 15:00:00
554788,2011-05-26 12:00:00
564133,2011-08-23 11:01:00
564058,2011-08-22 14:23:00
545234,2011-03-01 10:26:00
554514,2011-05-24 15:58:00
544806,2011-02-23 14:50:00
545314,2011-03-01 14:11:00
544885,2011-02-24 11:38:00
536395,2010-12-01 10:47:00
545219,2011-02-28 17:04:00
545346,2011-03-02 09:49:00
545070,2011-02-27 15:42:00
571938,2011-10-20 09:32:00
563718,2011-08-18 16:18:00
554653,2011-05-25 13:33:00
545164,2011-02-28 13:40:00
536371,2010-12-01 09:00:00
554961,2011-05-27 15:19:00
571706,2011-10-18 15:26:00
536420,2010-12-01 12:03:00
554274,2011-05-23 13:12:00
536464,2010-12-01 12:23:00
545289,2011-03-01 11:55:00
554668,2011-05-25 15:19:00
554484,2011-05-24 13:02:00
C555163,2011-06-01 10:18:00
564066,2011-08-22 15:05:00
563562,2011-08-17 14:02:00
C554344,2011-05-23 17:44:00
563237,2011-08-15 09:57:00
571506,2011-10-17 15:22:00
554814,2011-05-26 13:34:00
C554983,2011-05-29 12:18:00
571845,2011-10-19 12:34:00
545549,2011-03-03 15:10:00
563928,2011-08-21 15:17:00
563288,2011-08-15 12:53:00
563615,2011-08-18 09:01:00
544916,2011-02-24 15:42:00
545039,2011-02-27 10:22:00
563613,2011-08-18 08:49:00
564146,2011-08-23 12:18:00
563754,2011-08-19 10:56:00
563538,2011-08-17 11:48:00
537051,2010-12-05 11:12:00
544846,2011-02-24 11:11:00
545327,2011-03-01 15:16:00
C554343,2011-05-23 17:43:00
536627,2010-12-02 10:53:00
554930,2011-05-27 13:17:00
571899,2011-10-19 14:22:00
563921,2011-08-21 14:00:00
545077,2011-02-28 10:07:00
C554197,2011-05-23 12:14:00
572392,2011-10-24 11:54:00
536402,2010-12-01 11:22:00
C536853,2010-12-03 10:07:00
571828,2011-10-19 11:52:00
563943,2011-08-22 10:04:00
545664,2011-03-04 15:15:00
536640,2010-12-02 11:45:00
554378,2011-05-24 11:35:00
536584,2010-12-01 16:22:00
564050,2011-08-22 13:32:00
571656,2011-10-18 12:43:00
C536822,2010-12-02 17:19:00
C555273,2011-06-01 16:33:00
572545,2011-10-24 16:48:00
564149,2011-08-23 12:26:00
554119,2011-05-22 15:27:00
564090,2011-08-23 09:53:00
544838,2011-02-24 10:34:00
563694,2011-08-18 13:16:00
572289,2011-10-23 12:37:00
571930,2011-10-19 16:56:00
563858,2011-08-19 16:04:00
C555248,2011-06-01 14:49:00
545644,2011-03-04 12:37:00
C555246,2011-06-01 14:33:00
563739,2011-08-18 20:05:00
555207,2011-06-01 12:19:00
537208,2010-12-05 15:12:00
C563219,2011-08-14 14:17:00
572504,2011-10-24 14:13:00
536615,2010-12-02 10:09:00
C545502,2011-03-03 11:33:00
554356,2011-05-24 09:25:00
536782,2010-12-02 15:18:00
554958,2011-05-27 15:17:00
536707,2010-12-02 12:33:00
554551,2011-05-25 09:58:00
563955,2011-08-22 11:00:00
563351,2011-08-15 14:17:00
545467,2011-03-03 09:39:00
536624,2010-12-02 10:45:00
554988,2011-05-29 13:32:00
555077,2011-05-31 12:42:00
536369,2010-12-01 08:35:00
C563226,2011-08-14 14:36:00
545019,2011-02-25 13:56:00
554826,2011-05-26 14:53:00
545170,2011-02-28 14:15:00
563831,2011-08-19 12:23:00
571937,2011-10-20 09:28:00
537216,2010-12-05 15:40:00
536993,2010-12-03 15:19:00
572100,2011-10-20 15:45:00
536639,2010-12-02 11:45:00
563950,2011-08-22 10:39:00
571295,2011-10-16 16:12:00
571546,2011-10-17 17:24:00
571308,2011-10-17 10:10:00
536779,2010-12-02 15:08:00
545377,2011-03-02 11:32:00
572037,2011-10-20 12:07:00
536780,2010-12-02 15:09:00
C554540,2011-05-24 17:49:00
C572440,2011-10-24 12:06:00
554765,2011-05-26 11:38:00
571723,2011-10-18 17:30:00
C555269,2011-06-01 16:21:00
554718,2011-05-26 11:16:00
571299,2011-10-17 08:30:00
536831,2010-12-02 17:40:00
C572529,2011-10-24 15:52:00
544835,2011-02-24 10:15:00
563508,2011-08-17 10:27:00
571708,2011-10-18 15:42:00
C563459,2011-08-16 14:51:00
544936,2011-02-25 09:37:00
C555272,2011-06-01 16:29:00
545309,2011-03-01 13:40:00
572518,2011-10-24 14:49:00
544925,2011-02-24 17:28:00
C572027,2011-10-20 11:44:00
571660,2011-10-18 12:49:00
563376,2011-08-16 10:36:00
544943,2011-02-25 10:39:00
C555046,2011-05-31 11:29:00
C554521,2011-05-24 17:11:00
536603,2010-12-02 08:40:00
554325,2011-05-23 15:38:00
545423,2011-03-02 14:34:00
571842,2011-10-19 12:28:00
563895,2011-08-21 10:35:00
571442,2011-10-17 13:39:00
C545556,2011-03-03 15:21:00
564141,2011-08-23 11:47:00
545445,2011-03-02 16:26:00
536388,2010-12-01 09:59:00
536597,2010-12-01 17:35:00
537218,2010-12-05 15:46:00
554122,2011-05-22 15:37:00
C571319,2011-10-17 10:50:00
536847,2010-12-03 09:31:00
545334,2011-03-01 16:34:00
572128,2011-10-21 09:23:00
C563232,2011-08-14 15:55:00
571307,2011-10-17 10:10:00
C554686,2011-05-25 16:43:00
572050,2011-10-20 12:23:00
544903,2011-02-24 13:43:00
563746,2011-08-19 10:05:00
C572029,2011-10-20 11:48:00
563438,2011-08-16 12:59:00
554674,2011-05-25 16:01:00
545034,2011-02-25 16:42:00
554326,2011-05-23 16:32:00
571652,2011-10-18 12:17:00
564096,2011-08-23 10:36:00
554667,2011-05-25 15:18:00
545072,2011-02-28 08:43:00
555158,2011-06-01 08:38:00
C563554,2011-08-17 13:16:00
554492,2011-05-24 13:56:00
571692,2011-10-18 14:34:00
554380,2011-05-24 11:45:00
572074,2011-10-20 13:54:00
563742,2011-08-19 08:57:00
554202,2011-05-23 12:14:00
545160,2011-02-28 13:31:00
537195,2010-12-05 13:55:00
554922,2011-05-27 12:47:00
554710,2011-05-26 10:37:00
C564084,2011-08-23 09:16:00
C545511,2011-03-03 11:57:00
563559,2011-08-17 13:45:00
572286,2011-10-23 12:18:00
563907,2011-08-21 11:57:00
C544840,2011-02-24 11:06:00
555028,2011-05-31 11:22:00
C572111,2011-10-20 19:13:00
572443,2011-10-24 12:10:00
536802,2010-12-02 16:29:00
C536391,2010-12-01 10:24:00
C571897,2011-10-19 14:19:00
564055,2011-08-22 14:03:00
C572347,2011-10-24 11:03:00
555099,2011-05-31 13:39:00
555097,2011-05-31 13:38:00
C545434,2011-03-02 15:24:00
536977,2010-12-03 14:18:00
572079,2011-10-20 14:11:00
572209,2011-10-21 12:08:00
544820,2011-02-23 17:23:00
571751,2011-10-19 11:18:00
545159,2011-02-28 13:31:00
C571814,2011-10-19 11:45:00
554124,2011-05-23 08:31:00
544939,2011-02-25 10:10:00
C571896,2011-10-19 14:18:00
554293,2011-05-23 14:19:00
571666,2011-10-18 13:02:00
536607,2010-12-02 09:29:00
536545,2010-12-01 14:32:00
544888,2011-02-24 11:55:00
555249,2011-06-01 14:57:00
536754,2010-12-02 14:09:00
563574,2011-08-17 15:05:00
545547,2011-03-03 15:07:00
545313,2011-03-01 13:55:00
571564,2011-10-18 10:16:00
537047,2010-12-05 11:02:00
544927,2011-02-24 18:02:00
537086,2010-12-05 12:01:00
C571858,2011-10-19 13:38:00
545589,2011-03-04 10:21:00
572442,2011-10-24 12:09:00
545083,2011-02-28 10:40:00
C545446,2011-03-02 16:33:00
563243,2011-08-15 10:29:00
545417,2011-03-02 13:42:00
536823,2010-12-02 17:22:00
554840,2011-05-26 17:16:00
571725,2011-10-19 08:32:00
555106,2011-05-31 14:14:00
563735,2011-08-18 18:15:00
571552,2011-10-18 08:42:00
555002,2011-05-31 08:50:00
C545457,2011-03-02 17:18:00
554984,2011-05-29 12:19:00
563546,2011-08-17 12:24:00
554955,2011-05-27 14:55:00
536761,2010-12-02 14:30:00
563229,2011-08-14 15:35:00
545299,2011-03-01 12:19:00
536621,2010-12-02 10:35:00
563210,2011-08-14 12:27:00
554962,2011-05-27 15:24:00
563589,2011-08-17 19:40:00
563944,2011-08-22 10:08:00
572480,2011-10-24 13:44:00
536798,2010-12-02 15:55:00
536769,2010-12-02 14:47:00
C555006,2011-05-31 09:51:00
C554519,2011-05-24 16:59:00
554367,2011-05-24 10:24:00
563231,2011-08-14 15:42:00
537050,2010-12-05 11:10:00
554644,2011-05-25 12:34:00
C554152,2011-05-23 11:21:00
571703,2011-10-18 15:07:00
536535,2010-12-01 13:38:00
572066,2011-10-20 13:07:00
563737,2011-08-18 18:51:00
563982,2011-08-22 11:17:00
545638,2011-03-04 12:26:00
571829,2011-10-19 11:53:00
554968,2011-05-27 16:24:00
536784,2010-12-02 15:20:00
545512,2011-03-03 12:00:00
563852,2011-08-19 15:18:00
563328,2011-08-15 13:07:00
C572110,2011-10-20 19:11:00
C572492,2011-10-24 14:04:00
554945,2011-05-27 14:12:00
536971,2010-12-03 13:40:00
554355,2011-05-24 09:20:00
545514,2011-03-03 12:06:00
563509,2011-08-17 10:46:00
C545506,2011-03-03 11:42:00
536980,2010-12-03 14:26:00
571846,2011-10-19 12:35:00
572218,2011-10-21 13:13:00
571360,2011-10-17 11:51:00
C554846,2011-05-26 19:55:00
554155,2011-05-23 11:26:00
564089,2011-08-23 09:53:00
554369,2011-05-24 10:34:00
C572422,2011-10-24 12:02:00
554832,2011-05-26 15:30:00
536755,2010-12-02 14:14:00
572322,2011-10-24 09:34:00
563916,2011-08-21 13:43:00
554377,2011-05-24 11:34:00
536799,2010-12-02 16:00:00
563262,2011-08-15 12:44:00
536663,2010-12-02 12:07:00
563721,2011-08-18 16:27:00
563196,2011-08-12 16:54:00
537163,2010-12-05 13:21:00
545055,2011-02-27 12:45:00
C545451,2011-03-02 16:53:00
572196,2011-10-21 11:54:00
572064,2011-10-20 13:06:00
572302,2011-10-23 14:47:00
C563249,2011-08-15 11:35:00
C545478,2011-03-03 11:08:00
563199,2011-08-14 10:38:00
536526,2010-12-01 12:58:00
554982,2011-05-29 12:16:00
563247,2011-08-15 10:59:00
572214,2011-10-21 12:50:00
555242,2011-06-01 13:40:00
554141,2011-05-23 10:34:00
554979,2011-05-29 11:34:00
545049,2011-02-27 11:53:00
571313,2011-10-17 10:42:00
563833,2011-08-19 12:49:00
545149,2011-02-28 12:19:00
C544814,2011-02-23 16:36:00
572241,2011-10-21 15:20:00
554969,2011-05-27 16:30:00
572089,2011-10-20 14:33:00
572025,2011-10-20 11:30:00
537002,2010-12-03 15:33:00
C545516,2011-03-03 12:11:00
572509,2011-10-24 14:25:00
554682,2011-05-25 16:08:00
C536812,2010-12-02 16:58:00
C545329,2011-03-01 15:47:00
C563948,2011-08-22 10:30:00
572242,2011-10-21 15:36:00
572067,2011-10-20 13:13:00
555001,2011-05-31 08:32:00
554666,2011-05-25 14:54:00
554673,2011-05-25 16:01:00
554959,2011-05-27 15:18:00
554963,2011-05-27 15:32:00
536863,2010-12-03 11:19:00
554919,2011-05-27 12:38:00
536943,2010-12-03 12:11:00
571328,2011-10-17 11:27:00
536508,2010-12-01 12:38:00
572285,2011-10-23 12:16:00
554929,2011-05-27 13:16:00
563451,2011-08-16 14:34:00
563544,2011-08-17 12:10:00
564049,2011-08-22 13:30:00
554275,2011-05-23 13:17:00
C564081,2011-08-22 17:10:00
C545455,2011-03-02 17:11:00
554702,2011-05-26 09:45:00
C554525,2011-05-24 17:19:00
554980,2011-05-29 11:59:00
572510,2011-10-24 14:27:00
536386,2010-12-01 09:57:00
536380,2010-12-01 09:41:00
536801,2010-12-02 16:12:00
545311,2011-03-01 13:45:00
554309,2011-05-23 15:00:00
563835,2011-08-19 12:53:00
537179,2010-12-05 13:29:00
563377,2011-08-16 10:44:00
536819,2010-12-02 17:12:00
554265,2011-05-23 12:38:00
572227,2011-10-21 14:01:00
554151,2011-05-23 11:07:00
563684,2011-08-18 12:23:00
571675,2011-10-18 13:26:00
563239,2011-08-15 10:02:00
563917,2011-08-21 13:46:00
544823,2011-02-24 09:28:00
571439,2011-10-17 13:25:00
571459,2011-10-17 14:03:00
572124,2011-10-21 08:47:00
563235,2011-08-15 09:18:00
554117,2011-05-22 15:12:00
563618,2011-08-18 09:48:00
563367,2011-08-16 08:58:00
C563570,2011-08-17 14:51:00
C554536,2011-05-24 17:38:00
571429,2011-10-17 12:50:00
571548,2011-10-18 07:56:00
555101,2011-05-31 13:45:00
C571856,2011-10-19 13:37:00
554916,2011-05-27 12:26:00
536840,2010-12-02 18:27:00
554505,2011-05-24 15:14:00
C572343,2011-10-24 10:40:00
554850,2011-05-27 09:15:00
545551,2011-03-03 15:11:00
545460,2011-03-02 17:33:00
536987,2010-12-03 14:54:00
554144,2011-05-23 10:42:00
545288,2011-03-01 11:48:00
536890,2010-12-03 11:48:00
572354,2011-10-24 11:41:00
563252,2011-08-15 11:59:00
544811,2011-02-23 15:53:00
536446,2010-12-01 12:15:00
537040,2010-12-05 10:27:00
554652,2011-05-25 12:56:00
571911,2011-10-19 15:15:00
536377,2010-12-01 09:34:00
572316,2011-10-23 16:13:00
563733,2011-08-18 17:57:00
563771,2011-08-19 11:17:00
C572481,2011-10-24 13:48:00
564051,2011-08-22 13:32:00
536751,2010-12-02 14:05:00
536795,2010-12-02 15:40:00
537197,2010-12-05 14:02:00
571779,2011-10-19 11:27:00
554280,2011-05-23 13:35:00
554633,2011-05-25 11:44:00
C536379,2010-12-01 09:41:00
536477,2010-12-01 12:27:00
554366,2011-05-24 10:24:00
564040,2011-08-22 12:45:00
536957,2010-12-03 12:43:00
545217,2011-02-28 16:59:00
536631,2010-12-02 10:58:00
571733,2011-10-19 09:59:00
563945,2011-08-22 10:09:00
C563600,2011-08-18 06:24:00
563901,2011-08-21 11:05:00
545653,2011-03-04 13:39:00
545023,2011-02-25 14:25:00
572131,2011-10-21 09:56:00
554349,2011-05-24 08:49:00
571847,2011-10-19 12:39:00
563674,2011-08-18 11:59:00
571797,2011-10-19 11:41:00
554269,2011-05-23 13:03:00
554328,2011-05-23 16:49:00
572511,2011-10-24 14:29:00
554310,2011-05-23 15:25:00
571662,2011-10-18 12:54:00
545166,2011-02-28 14:03:00
537207,2010-12-05 15:06:00
536859,2010-12-03 10:43:00
536565,2010-12-01 15:15:00
C554691,2011-05-25 16:57:00
572056,2011-10-20 12:40:00
563264,2011-08-15 12:46:00
C554863,2011-05-27 10:35:00
571301,2011-10-17 08:59:00
571633,2011-10-18 11:27:00
536583,2010-12-01 16:21:00
545600,2011-03-04 11:45:00
C554341,2011-05-23 17:41:00
545066,2011-02-27 14:44:00
C536827,2010-12-02 17:31:00
572070,2011-10-20 13:37:00
554289,2011-05-23 14:18:00
554370,2011-05-24 10:35:00
C555196,2011-06-01 11:40:00
545233,2011-03-01 10:25:00
563368,2011-08-16 09:00:00
571556,2011-10-18 09:24:00
572329,2011-10-24 10:13:00
571372,2011-10-17 11:55:00
C554544,2011-05-25 09:34:00
572060,2011-10-20 12:52:00
536785,2010-12-02 15:22:00
563560,2011-08-17 14:00:00
563749,2011-08-19 10:10:00
554641,2011-05-25 12:06:00
544847,2011-02-24 11:15:00
554156,2011-05-23 11:28:00
C563222,2011-08-14 14:28:00
563372,2011-08-16 09:50:00
571908,2011-10-19 14:56:00
572026,2011-10-20 11:40:00
563661,2011-08-18 11:23:00
563241,2011-08-15 10:22:00
571694,2011-10-18 14:44:00
554115,2011-05-22 15:03:00
536610,2010-12-02 09:42:00
536592,2010-12-01 17:06:00
554560,2011-05-25 10:35:00
554981,2011-05-29 12:06:00
563680,2011-08-18 12:06:00
554663,2011-05-25 14:29:00
C571861,2011-10-19 13:43:00
545067,2011-02-27 14:49:00
C555197,2011-06-01 11:45:00
571900,2011-10-19 14:26:00
554820,2011-05-26 14:09:00
545220,2011-03-01 08:30:00
572036,2011-10-20 12:04:00
563942,2011-08-22 09:53:00
572031,2011-10-20 11:53:00
C563375,2011-08-16 10:27:00
545522,2011-03-03 12:35:00
537041,2010-12-05 10:36:00
C554529,2011-05-24 17:27:00
545398,2011-03-02 11:43:00
554704,2011-05-26 10:09:00
C554716,2011-05-26 11:03:00
C545438,2011-03-02 15:54:00
572195,2011-10-21 11:49:00
572085,2011-10-20 14:23:00
554542,2011-05-25 08:32:00
C563207,2011-08-14 12:10:00
536787,2010-12-02 15:24:00
536529,2010-12-01 13:20:00
545503,2011-03-03 11:34:00
564043,2011-08-22 12:55:00
536381,2010-12-01 09:41:00
C545525,2011-03-03 13:11:00
545475,2011-03-03 10:59:00
545214,2011-02-28 16:39:00
563819,2011-08-19 11:56:00
545182,2011-02-28 14:48:00
554670,2011-05-25 15:47:00
572521,2011-10-24 15:19:00
572512,2011-10-24 14:35:00
572290,2011-10-23 12:46:00
571505,2011-10-17 15:19:00
554642,2011-05-25 12:19:00
C563446,2011-08-16 14:24:00
C554210,2011-05-23 12:16:00
572453,2011-10-24 12:37:00
564076,2011-08-22 15:27:00
554323,2011-05-23 15:33:00
C545307,2011-03-01 13:05:00
536732,2010-12-02 12:47:00
563354,2011-08-15 14:35:00
571464,2011-10-17 14:28:00
571428,2011-10-17 12:47:00
572103,2011-10-20 15:57:00
C545456,2011-03-02 17:15:00
554822,2011-05-26 14:17:00
C563363,2011-08-15 16:20:00
554986,2011-05-29 12:35:00
544894,2011-02-24 12:09:00
571508,2011-10-17 15:27:00
544941,2011-02-25 10:25:00
572063,2011-10-20 12:57:00
537023,2010-12-03 16:02:00
571669,2011-10-18 13:11:00
572330,2011-10-24 10:17:00
563217,2011-08-14 13:21:00
555008,2011-05-31 10:24:00
563366,2011-08-16 08:52:00
554713,2011-05-26 10:43:00
536544,2010-12-01 14:32:00
536938,2010-12-03 12:05:00
537057,2010-12-05 11:49:00
554792,2011-05-26 12:38:00
571497,2011-10-17 15:03:00
571824,2011-10-19 11:49:00
571560,2011-10-18 09:54:00
563726,2011-08-18 17:02:00
563744,2011-08-19 09:35:00
563448,2011-08-16 14:28:00
571610,2011-10-18 10:55:00
537214,2010-12-05 15:35:00
571850,2011-10-19 12:54:00
545230,2011-03-01 09:55:00
545648,2011-03-04 13:09:00
C554905,2011-05-27 11:17:00
554843,2011-05-26 19:13:00
554977,2011-05-29 11:03:00
572278,2011-10-23 10:46:00
563891,2011-08-19 17:02:00
545435,2011-03-02 15:28:00
536796,2010-12-02 15:46:00
536573,2010-12-01 15:45:00
C545508,2011-03-03 11:53:00
571309,2011-10-17 10:17:00
571721,2011-10-18 17:30:00
C563258,2011-08-15 12:08:00
554498,2011-05-24 14:39:00
545225,2011-03-01 09:22:00
536638,2010-12-02 11:41:00
571830,2011-10-19 11:53:00
537049,2010-12-05 11:04:00
563435,2011-08-16 12:29:00
563723,2011-08-18 16:43:00
545565,2011-03-03 16:14:00
571427,2011-10-17 12:46:00
536540,2010-12-01 14:05:00
537224,2010-12-05 16:24:00
C572445,2011-10-24 12:20:00
563198,2011-08-14 10:38:00
536392,2010-12-01 10:29:00
563518,2011-08-17 10:56:00
536599,2010-12-02 07:49:00
545187,2011-02-28 15:18:00
536522,2010-12-01 12:49:00
C537143,2010-12-05 12:58:00
572323,2011-10-24 09:46:00
C571316,2011-10-17 10:47:00
555160,2011-06-01 09:18:00
571447,2011-10-17 13:47:00
564044,2011-08-22 12:58:00
554645,2011-05-25 12:34:00
537196,2010-12-05 13:55:00
C564131,2011-08-23 10:55:00
C572119,2011-10-20 19:23:00
545320,2011-03-01 14:47:00
554990,2011-05-29 13:57:00
563708,2011-08-18 15:09:00
536580,2010-12-01 16:17:00
563556,2011-08-17 13:31:00
C554334,2011-05-23 17:16:00
C571925,2011-10-19 16:31:00
571294,2011-10-16 16:09:00
545022,2011-02-25 14:24:00
554907,2011-05-27 11:45:00
563256,2011-08-15 12:07:00
572336,2011-10-24 10:29:00
571498,2011-10-17 15:06:00
572086,2011-10-20 14:30:00
572337,2011-10-24 10:30:00
571310,2011-10-17 10:17:00
545080,2011-02-28 10:33:00
536982,2010-12-03 14:27:00
536581,2010-12-01 16:19:00
563404,2011-08-16 11:04:00
563477,2011-08-16 15:39:00
563848,2011-08-19 14:57:00
554120,2011-05-22 15:28:00
571940,2011-10-20 09:57:00
537046,2010-12-05 10:58:00
C554154,2011-05-23 11:24:00
545651,2011-03-04 13:14:00
571445,2011-10-17 13:44:00
C545421,2011-03-02 14:28:00
563193,2011-08-12 16:30:00
536748,2010-12-02 13:45:00
544921,2011-02-24 16:35:00
536741,2010-12-02 13:11:00
C563608,2011-08-18 06:33:00
563844,2011-08-19 14:04:00
563702,2011-08-18 13:55:00
536626,2010-12-02 10:46:00
545332,2011-03-01 15:52:00
563622,2011-08-18 10:21:00
572082,2011-10-20 14:18:00
571352,2011-10-17 11:49:00
572071,2011-10-20 13:37:00
563619,2011-08-18 10:01:00
544836,2011-02-24 10:25:00
572321,2011-10-24 08:59:00
563346,2011-08-15 13:37:00
C571325,2011-10-17 11:09:00
545550,2011-03-03 15:11:00
536994,2010-12-03 15:25:00
536762,2010-12-02 14:40:00
563914,2011-08-21 13:18:00
563573,2011-08-17 15:02:00
536851,2010-12-03 09:49:00
536805,2010-12-02 16:38:00
536984,2010-12-03 14:35:00
554321,2011-05-23 15:32:00
536800,2010-12-02 16:12:00
554354,2011-05-24 09:12:00
572484,2011-10-24 13:50:00
536839,2010-12-02 18:25:00
C554781,2011-05-26 11:44:00
554318,2011-05-23 15:30:00
554597,2011-05-25 11:01:00
C572469,2011-10-24 13:31:00
537199,2010-12-05 14:06:00
536862,2010-12-03 11:13:00
554372,2011-05-24 10:50:00
571836,2011-10-19 12:10:00
536559,2010-12-01 14:54:00
554538,2011-05-24 17:46:00
564041,2011-08-22 12:46:00
536384,2010-12-01 09:53:00
536858,2010-12-03 10:36:00
545535,2011-03-03 14:09:00
536437,2010-12-01 12:12:00
564061,2011-08-22 14:38:00
554809,2011-05-26 13:13:00
536536,2010-12-01 13:45:00
C572538,2011-10-24 16:10:00
554953,2011-05-27 14:49:00
C571680,2011-10-18 13:43:00
C572114,2011-10-20 19:15:00
563382,2011-08-16 10:50:00
536532,2010-12-01 13:24:00
545016,2011-02-25 13:51:00
C571320,2011-10-17 10:57:00
C554862,2011-05-27 10:34:00
554148,2011-05-23 10:53:00
554134,2011-05-23 09:48:00
544892,2011-02-24 12:00:00
545343,2011-03-02 09:05:00
554949,2011-05-27 14:44:00
536681,2010-12-02 12:22:00
545344,2011-03-02 09:24:00
554337,2011-05-23 17:25:00
536564,2010-12-01 15:08:00
563352,2011-08-15 14:32:00
C571707,2011-10-18 15:33:00
571932,2011-10-19 17:21:00
554639,2011-05-25 12:00:00
563904,2011-08-21 11:29:00
545215,2011-02-28 16:47:00
554649,2011-05-25 12:46:00
545232,2011-03-01 10:19:00
536970,2010-12-03 13:12:00
C536758,2010-12-02 14:25:00
554555,2011-05-25 10:08:00
536834,2010-12-02 17:51:00
C554867,2011-05-27 10:48:00
571312,2011-10-17 10:42:00
563549,2011-08-17 12:34:00
572035,2011-10-20 12:03:00
C554532,2011-05-24 17:32:00
554158,2011-05-23 11:44:00
536830,2010-12-02 17:38:00
536947,2010-12-03 12:29:00
554996,2011-05-29 14:28:00
563268,2011-08-15 12:47:00
563776,2011-08-19 11:23:00
563503,2011-08-17 09:05:00
537176,2010-12-05 13:26:00
571739,2011-10-19 10:33:00
563656,2011-08-18 10:48:00
545427,2011-03-02 14:41:00
C544829,2011-02-24 09:53:00
544999,2011-02-25 12:28:00
554319,2011-05-23 15:31:00
554770,2011-05-26 11:40:00
536975,2010-12-03 14:04:00
555070,2011-05-31 11:36:00
555091,2011-05-31 12:50:00
563482,2011-08-16 15:54:00
545562,2011-03-03 16:12:00
554933,2011-05-27 13:26:00
554923,2011-05-27 12:48:00
554262,2011-05-23 12:32:00
571456,2011-10-17 13:57:00
536551,2010-12-01 14:34:00
545661,2011-03-04 14:41:00
C563693,2011-08-18 13:04:00
554131,2011-05-23 09:43:00
545180,2011-02-28 14:42:00
545505,2011-03-03 11:40:00
C563197,2011-08-14 09:57:00
563832,2011-08-19 12:33:00
572237,2011-10-21 14:49:00
545336,2011-03-01 16:53:00
554954,2011-05-27 14:50:00
554665,2011-05-25 14:44:00
545017,2011-02-25 13:51:00
563201,2011-08-14 10:52:00
554941,2011-05-27 13:53:00
554638,2011-05-25 11:59:00
564065,2011-08-22 15:05:00
C563610,2011-08-18 06:36:00
572080,2011-10-20 14:12:00
554831,2011-05-26 15:22:00
563658,2011-08-18 10:57:00
545463,2011-03-03 08:36:00
564075,2011-08-22 15:22:00
563547,2011-08-17 12:29:00
564082,2011-08-23 08:51:00
545216,2011-02-28 16:50:00
537133,2010-12-05 12:29:00
563588,2011-08-17 19:15:00
563854,2011-08-19 15:24:00
571563,2011-10-18 10:07:00
537090,2010-12-05 12:02:00
C564063,2011-08-22 15:00:00
544924,2011-02-24 17:18:00
572125,2011-10-21 08:57:00
C572428,2011-10-24 12:03:00
554286,2011-05-23 14:16:00
545339,2011-03-02 08:26:00
545662,2011-03-04 14:42:00
544805,2011-02-23 14:50:00
545523,2011-03-03 12:41:00
545580,2011-03-04 08:43:00
536743,2010-12-02 13:32:00
C571859,2011-10-19 13:39:00
563933,2011-08-21 15:54:00
564148,2011-08-23 12:22:00
545533,2011-03-03 14:04:00
C572530,2011-10-24 15:55:00
536808,2010-12-02 16:46:00
C571860,2011-10-19 13:42:00
537025,2010-12-03 16:21:00
C564094,2011-08-23 10:30:00
544970,2011-02-25 11:33:00
563411,2011-08-16 11:10:00
C536606,2010-12-02 09:10:00
554819,2011-05-26 14:09:00
563892,2011-08-19 17:08:00
C564104,2011-08-23 10:38:00
537077,2010-12-05 11:59:00
572023,2011-10-20 11:03:00
544944,2011-02-25 10:46:00
571841,2011-10-19 12:21:00
536885,2010-12-03 11:42:00
545342,2011-03-02 09:04:00
C536817,2010-12-02 17:08:00
554123,2011-05-22 15:44:00
545186,2011-02-28 15:05:00
536604,2010-12-02 08:43:00
554946,2011-05-27 14:22:00
572122,2011-10-21 08:24:00
C554693,2011-05-25 16:59:00
536463,2010-12-01 12:22:00
536972,2010-12-03 13:42:00
563427,2011-08-16 11:40:00
563533,2011-08-17 11:14:00
563211,2011-08-14 12:33:00
571323,2011-10-17 11:07:00
545408,2011-03-02 12:10:00
563897,2011-08-21 10:44:00
572072,2011-10-20 13:40:00
C554689,2011-05-25 16:51:00
C536978,2010-12-03 14:19:00
C572482,2011-10-24 13:48:00
563355,2011-08-15 14:39:00
C572444,2011-10-24 12:12:00
572194,2011-10-21 11:43:00
555234,2011-06-01 12:54:00
563445,2011-08-16 14:18:00
555003,2011-05-31 09:36:00
563498,2011-08-16 16:17:00
544816,2011-02-23 16:41:00
571735,2011-10-19 10:03:00
563696,2011-08-18 13:38:00
545287,2011-03-01 11:42:00
544800,2011-02-23 13:45:00
563373,2011-08-16 10:02:00
564086,2011-08-23 09:36:00
536973,2010-12-03 13:43:00
563614,2011-08-18 08:51:00
563657,2011-08-18 10:49:00
563254,2011-08-15 12:06:00
537067,2010-12-05 11:57:00
545593,2011-03-04 10:31:00
563941,2011-08-22 09:51:00
C554335,2011-05-23 17:18:00
571749,2011-10-19 11:16:00
555247,2011-06-01 14:42:00
536588,2010-12-01 16:49:00
572380,2011-10-24 11:51:00
554714,2011-05-26 10:44:00
554207,2011-05-23 12:15:00
C536854,2010-12-03 10:09:00
537059,2010-12-05 11:54:00
C563856,2011-08-19 15:39:00
571377,2011-10-17 11:56:00
536523,2010-12-01 12:50:00
555243,2011-06-01 13:52:00
555017,2011-05-31 11:14:00
572021,2011-10-20 10:57:00
563695,2011-08-18 13:17:00
537001,2010-12-03 15:33:00
536633,2010-12-02 11:20:00
554997,2011-05-29 15:35:00
536514,2010-12-01 12:40:00
554787,2011-05-26 11:51:00
571601,2011-10-18 10:53:00
536412,2010-12-01 11:49:00
537134,2010-12-05 12:34:00
563934,2011-08-21 16:02:00
572233,2011-10-21 14:41:00
536843,2010-12-02 18:46:00
554648,2011-05-25 12:44:00
572459,2011-10-24 12:53:00
545064,2011-02-27 14:29:00
571628,2011-10-18 11:13:00
545044,2011-02-27 11:31:00
571441,2011-10-17 13:31:00
C554864,2011-05-27 10:36:00
554709,2011-05-26 10:35:00
554305,2011-05-23 14:58:00
571913,2011-10-19 15:29:00
C545442,2011-03-02 16:17:00
554285,2011-05-23 14:15:00
555110,2011-05-31 14:34:00
536567,2010-12-01 15:27:00
C537157,2010-12-05 13:09:00
571682,2011-10-18 14:00:00
563659,2011-08-18 11:00:00
554135,2011-05-23 09:58:00
563227,2011-08-14 15:33:00
554643,2011-05-25 12:28:00
536789,2010-12-02 15:25:00
554283,2011-05-23 14:11:00
571851,2011-10-19 13:02:00
544810,2011-02-23 15:53:00
C545330,2011-03-01 15:49:00
C571639,2011-10-18 12:01:00
544906,2011-02-24 14:13:00
554113,2011-05-22 14:53:00
554271,2011-05-23 13:06:00
537141,2010-12-05 12:57:00
C572276,2011-10-23 10:24:00
536735,2010-12-02 12:58:00
554964,2011-05-27 15:57:00
C563586,2011-08-17 17:19:00
545024,2011-02-25 14:38:00
C545507,2011-03-03 11:43:00
554552,2011-05-25 09:58:00
563584,2011-08-17 16:48:00
554509,2011-05-24 15:45:00
571293,2011-10-16 15:56:00
536368,2010-12-01 08:34:00
545652,2011-03-04 13:27:00
564143,2011-08-23 11:51:00
554952,2011-05-27 14:48:00
536373,2010-12-01 09:02:00
C572479,2011-10-24 13:43:00
555127,2011-05-31 15:30:00
555094,2011-05-31 13:17:00
554317,2011-05-23 15:29:00
571700,2011-10-18 15:00:00
554313,2011-05-23 15:28:00
572303,2011-10-23 14:56:00
564021,2011-08-22 11:58:00
554511,2011-05-24 15:52:00
572342,2011-10-24 10:38:00
536460,2010-12-01 12:22:00
554756,2011-05-26 11:36:00
572104,2011-10-20 16:21:00
C554477,2011-05-24 12:44:00
537155,2010-12-05 13:05:00
C571711,2011-10-18 16:21:00
544912,2011-02-24 15:12:00
C571440,2011-10-17 13:31:00
537127,2010-12-05 12:13:00
545577,2011-03-03 19:18:00
571722,2011-10-18 17:30:00
C554790,2011-05-26 12:10:00
C571893,2011-10-19 14:13:00
536833,2010-12-02 17:48:00
C554848,2011-05-26 19:56:00
554494,2011-05-24 14:00:00
555011,2011-05-31 10:43:00
536397,2010-12-01 10:51:00
C537203,2010-12-05 14:44:00
572182,2011-10-21 10:32:00
571551,2011-10-18 08:28:00
563212,2011-08-14 12:41:00
554950,2011-05-27 14:48:00
545333,2011-03-01 16:22:00
536591,2010-12-01 16:58:00
544934,2011-02-25 09:01:00
C571329,2011-10-17 11:32:00
C536825,2010-12-02 17:27:00
572192,2011-10-21 11:30:00
563440,2011-08-16 13:12:00
545065,2011-02-27 14:43:00
545312,2011-03-01 13:51:00
536746,2010-12-02 13:39:00
536404,2010-12-01 11:29:00
536403,2010-12-01 11:27:00
572313,2011-10-23 15:54:00
C571327,2011-10-17 11:12:00
563550,2011-08-17 12:50:00
572108,2011-10-20 18:08:00
572544,2011-10-24 16:34:00
554671,2011-05-25 15:47:00
544832,2011-02-24 10:05:00
554392,2011-05-24 12:04:00
563698,2011-08-18 13:46:00
537154,2010-12-05 13:05:00
C536757,2010-12-02 14:23:00
C536548,2010-12-01 14:33:00
563585,2011-08-17 17:01:00
C554856,2011-05-27 09:55:00
555150,2011-05-31 15:53:00
545595,2011-03-04 10:39:00
563216,2011-08-14 13:14:00
544938,2011-02-25 10:10:00
571793,2011-10-19 11:38:00
536571,2010-12-01 15:37:00
545658,2011-03-04 14:13:00
C563598,2011-08-18 06:21:00
563846,2011-08-19 14:43:00
C536815,2010-12-02 17:05:00
571909,2011-10-19 15:08:00
571933,2011-10-20 08:19:00
571740,2011-10-19 10:34:00
554512,2011-05-24 15:54:00
545656,2011-03-04 13:58:00
536425,2010-12-01 12:08:00
572548,2011-10-24 17:01:00
554939,2011-05-27 13:49:00
545050,2011-02-27 11:57:00
C554373,2011-05-24 11:23:00
563453,2011-08-16 14:34:00
544815,2011-02-23 16:37:00
571696,2011-10-18 14:47:00
571504,2011-10-17 15:19:00
545416,2011-03-02 13:35:00
555076,2011-05-31 12:11:00
537138,2010-12-05 12:44:00
571691,2011-10-18 14:34:00
563205,2011-08-14 12:03:00
564020,2011-08-22 11:57:00
554678,2011-05-25 16:03:00
537117,2010-12-05 12:09:00
554424,2011-05-24 12:14:00
536366,2010-12-01 08:28:00
563255,2011-08-15 12:07:00
572133,2011-10-21 10:11:00
536374,2010-12-01 09:09:00
536595,2010-12-01 17:24:00
C554531,2011-05-24 17:30:00
571553,2011-10-18 09:07:00
537193,2010-12-05 13:49:00
554711,2011-05-26 10:41:00
536406,2010-12-01 11:33:00
537016,2010-12-03 15:41:00
572472,2011-10-24 13:34:00
C555054,2011-05-31 11:32:00
571742,2011-10-19 10:36:00
545321,2011-03-01 14:53:00
544998,2011-02-25 11:56:00
C563918,2011-08-21 13:47:00
571300,2011-10-17 08:56:00
545078,2011-02-28 10:15:00
563548,2011-08-17 12:30:00
563756,2011-08-19 11:08:00
572096,2011-10-20 15:20:00
572191,2011-10-21 11:18:00
555162,2011-06-01 10:15:00
536542,2010-12-01 14:11:00
563621,2011-08-18 10:10:00
554133,2011-05-23 09:46:00
571298,2011-10-17 08:14:00
536803,2010-12-02 16:33:00
571917,2011-10-19 15:46:00
536788,2010-12-02 15:25:00
545013,2011-02-25 13:09:00
545579,2011-03-04 08:10:00
563731,2011-08-18 17:44:00
C571336,2011-10-17 11:43:00
C571346,2011-10-17 11:46:00
C554522,2011-05-24 17:12:00
537054,2010-12-05 11:40:00
572088,2011-10-20 14:33:00
571942,2011-10-20 10:06:00
544798,2011-02-23 13:44:00
571477,2011-10-17 14:54:00
536838,2010-12-02 18:23:00
545462,2011-03-03 08:24:00
545413,2011-03-02 12:24:00
545231,2011-03-01 10:08:00
C571625,2011-10-18 10:59:00
544900,2011-02-24 12:41:00
C563655,2011-08-18 10:44:00
571693,2011-10-18 14:44:00
554159,2011-05-23 11:48:00
554835,2011-05-26 16:11:00
C536642,2010-12-02 11:56:00
563837,2011-08-19 13:03:00
563248,2011-08-15 11:30:00
563660,2011-08-18 11:03:00
536367,2010-12-01 08:34:00
544919,2011-02-24 16:31:00
C554302,2011-05-23 14:50:00
572542,2011-10-24 16:20:00
572188,2011-10-21 11:06:00
572515,2011-10-24 14:37:00
554829,2011-05-26 15:22:00
C563535,2011-08-17 11:38:00
536670,2010-12-02 12:09:00
536744,2010-12-02 13:36:00
571747,2011-10-19 10:59:00
536752,2010-12-02 14:06:00
537142,2010-12-05 12:57:00
571462,2011-10-17 14:14:00
545228,2011-03-01 09:47:00
563717,2011-08-18 16:16:00
571558,2011-10-18 09:30:00
545048,2011-02-27 11:48:00
C537039,2010-12-05 10:25:00
536883,2010-12-03 11:41:00
554859,2011-05-27 10:16:00
545238,2011-03-01 11:02:00
554839,2011-05-26 17:15:00
C554136,2011-05-23 10:02:00
572132,2011-10-21 10:03:00
572333,2011-10-24 10:23:00
572106,2011-10-20 17:04:00
C536622,2010-12-02 10:37:00
571676,2011-10-18 13:29:00
536742,2010-12-02 13:14:00
544926,2011-02-24 17:50:00
536999,2010-12-03 15:32:00
545191,2011-02-28 15:39:00
563349,2011-08-15 13:51:00
536541,2010-12-01 14:05:00
536387,2010-12-01 09:58:00
536860,2010-12-03 10:43:00
572215,2011-10-21 12:52:00
554364,2011-05-24 10:21:00
544887,2011-02-24 11:54:00
554821,2011-05-26 14:09:00
563926,2011-08-21 14:42:00
554137,2011-05-23 10:13:00
536611,2010-12-02 09:43:00
572520,2011-10-24 15:05:00
572527,2011-10-24 15:35:00
554146,2011-05-23 10:45:00
C563611,2011-08-18 06:38:00
555251,2011-06-01 15:12:00
564109,2011-08-23 10:48:00
C554273,2011-05-23 13:09:00
554920,2011-05-27 12:41:00
536749,2010-12-02 13:49:00
C555014,2011-05-31 10:45:00
563452,2011-08-16 14:34:00
554934,2011-05-27 13:29:00
563590,2011-08-17 20:02:00
C564108,2011-08-23 10:42:00
554942,2011-05-27 14:01:00
554561,2011-05-25 10:35:00
545317,2011-03-01 14:14:00
536667,2010-12-02 12:09:00
537006,2010-12-03 15:36:00
555200,2011-06-01 12:05:00
545649,2011-03-04 13:14:00
545061,2011-02-27 13:52:00
571622,2011-10-18 10:58:00
545054,2011-02-27 12:41:00
564137,2011-08-23 11:30:00
537211,2010-12-05 15:18:00
C572410,2011-10-24 11:58:00
536637,2010-12-02 11:35:00
554353,2011-05-24 09:10:00
563748,2011-08-19 10:06:00
C554528,2011-05-24 17:26:00
563710,2011-08-18 15:28:00
536521,2010-12-01 12:48:00
572312,2011-10-23 15:47:00
536960,2010-12-03 12:48:00
545581,2011-03-04 09:03:00
C571466,2011-10-17 14:31:00
545431,2011-03-02 14:58:00
537156,2010-12-05 13:08:00
564078,2011-08-22 15:43:00
554708,2011-05-26 10:25:00
563711,2011-08-18 15:41:00
536620,2010-12-02 10:27:00
554841,2011-05-26 17:21:00
564045,2011-08-22 12:59:00
536390,2010-12-01 10:19:00
545032,2011-02-25 15:37:00
C554925,2011-05-27 12:57:00
554852,2011-05-27 09:24:00
544797,2011-02-23 13:43:00
536876,2010-12-03 11:36:00
537222,2010-12-05 16:00:00
545587,2011-03-04 09:46:00
537053,2010-12-05 11:38:00
545079,2011-02-28 10:30:00
545599,2011-03-04 11:17:00
571406,2011-10-17 12:12:00
572105,2011-10-20 17:00:00
C572532,2011-10-24 16:03:00
563505,2011-08-17 09:45:00
563359,2011-08-15 14:56:00
555233,2011-06-01 12:46:00
536753,2010-12-02 14:07:00
563444,2011-08-16 13:50:00
C545476,2011-03-03 11:05:00
571303,2011-10-17 09:36:00
554672,2011-05-25 15:54:00
563441,2011-08-16 13:13:00
536500,2010-12-01 12:35:00
563371,2011-08-16 09:39:00
572211,2011-10-21 12:25:00
C554340,2011-05-23 17:40:00
554496,2011-05-24 14:25:00
571434,2011-10-17 13:22:00
C545443,2011-03-02 16:20:00
571431,2011-10-17 12:52:00
545584,2011-03-04 09:11:00
545014,2011-02-25 13:15:00
545084,2011-02-28 10:55:00
572293,2011-10-23 13:02:00
572310,2011-10-23 15:30:00
C555271,2011-06-01 16:26:00
572123,2011-10-21 08:40:00
571744,2011-10-19 10:43:00
536586,2010-12-01 16:25:00
544886,2011-02-24 11:42:00
554838,2011-05-26 16:30:00
563565,2011-08-17 14:22:00
C555267,2011-06-01 16:15:00
572280,2011-10-23 11:05:00
554359,2011-05-24 09:56:00
571663,2011-10-18 12:56:00
C555261,2011-06-01 15:37:00
544839,2011-02-24 10:50:00
571849,2011-10-19 12:52:00
536945,2010-12-03 12:24:00
554267,2011-05-23 12:56:00
554316,2011-05-23 15:29:00
545218,2011-02-28 17:01:00
536554,2010-12-01 14:35:00
545592,2011-03-04 10:30:00
563261,2011-08-15 12:38:00
C572473,2011-10-24 13:34:00
C572488,2011-10-24 13:57:00
555096,2011-05-31 13:32:00
545349,2011-03-02 11:07:00
563712,2011-08-18 15:44:00
571738,2011-10-19 10:32:00
554550,2011-05-25 09:57:00
571641,2011-10-18 12:07:00
544837,2011-02-24 10:29:00
545051,2011-02-27 11:58:00
572129,2011-10-21 09:25:00
554842,2011-05-26 18:17:00
572350,2011-10-24 11:33:00
545302,2011-03-01 12:46:00
C572113,2011-10-20 19:14:00
544818,2011-02-23 16:45:00
563951,2011-08-22 10:42:00
563360,2011-08-15 15:06:00
563572,2011-08-17 15:00:00
563253,2011-08-15 12:04:00
563579,2011-08-17 15:16:00
554279,2011-05-23 13:28:00
545060,2011-02-27 13:47:00
555114,2011-05-31 14:55:00
572345,2011-10-24 10:53:00
563840,2011-08-19 13:33:00
554823,2011-05-26 14:20:00
564077,2011-08-22 15:42:00
563194,2011-08-12 16:36:00
537007,2010-12-03 15:36:00
571510,2011-10-17 15:37:00
572499,2011-10-24 14:10:00
C571919,2011-10-19 16:08:00
572220,2011-10-21 13:24:00
563617,2011-08-18 09:45:00
563428,2011-08-16 11:44:00
563821,2011-08-19 12:06:00
554706,2011-05-26 10:13:00
545466,2011-03-03 09:26:00
536589,2010-12-01 16:50:00
536920,2010-12-03 12:01:00
554436,2011-05-24 12:18:00
563935,2011-08-21 16:24:00
C571838,2011-10-19 12:12:00
554147,2011-05-23 10:48:00
C571637,2011-10-18 11:55:00
564139,2011-08-23 11:41:00
554357,2011-05-24 09:26:00
554635,2011-05-25 11:45:00
545071,2011-02-27 15:59:00
563953,2011-08-22 10:47:00
571411,2011-10-17 12:33:00
C545452,2011-03-02 16:56:00
544803,2011-02-23 14:29:00
571413,2011-10-17 12:33:00
555000,2011-05-31 08:03:00
545069,2011-02-27 15:25:00
544813,2011-02-23 16:23:00
554287,2011-05-23 14:17:00
571408,2011-10-17 12:22:00
C572449,2011-10-24 12:34:00
554818,2011-05-26 14:09:00
571425,2011-10-17 12:41:00
C563899,2011-08-21 10:55:00
C572478,2011-10-24 13:39:00
554987,2011-05-29 12:48:00
563345,2011-08-15 13:22:00
C554303,2011-05-23 14:52:00
554994,2011-05-29 14:18:00
563195,2011-08-12 16:36:00
554845,2011-05-26 19:49:00
564150,2011-08-23 12:30:00
571701,2011-10-18 15:05:00
563732,2011-08-18 17:50:00
571892,2011-10-19 14:12:00
554858,2011-05-27 10:15:00
C563587,2011-08-17 17:37:00
536835,2010-12-02 18:06:00
536547,2010-12-01 14:33:00
563578,2011-08-17 15:11:00
536671,2010-12-02 12:10:00
C554336,2011-05-23 17:20:00
C536850,2010-12-03 09:47:00
571418,2011-10-17 12:35:00
C564142,2011-08-23 11:49:00
545568,2011-03-03 16:22:00
545558,2011-03-03 15:31:00
571311,2011-10-17 10:33:00
572307,2011-10-23 15:23:00
C572446,2011-10-24 12:23:00
545303,2011-03-01 12:48:00
C563603,2011-08-18 06:28:00
563820,2011-08-19 11:57:00
554114,2011-05-22 15:00:00
554924,2011-05-27 12:54:00
C536737,2010-12-02 13:05:00
555266,2011-06-01 16:12:00
536525,2010-12-01 12:54:00
572101,2011-10-20 15:47:00
537160,2010-12-05 13:18:00
536806,2010-12-02 16:42:00
545047,2011-02-27 11:42:00
572536,2011-10-24 16:08:00
554680,2011-05-25 16:04:00
536861,2010-12-03 10:44:00
554707,2011-05-26 10:15:00
571318,2011-10-17 10:50:00
537009,2010-12-03 15:38:00
563818,2011-08-19 11:55:00
572534,2011-10-24 16:07:00
536398,2010-12-01 10:52:00
563192,2011-08-12 16:10:00
563558,2011-08-17 13:40:00
C554333,2011-05-23 17:15:00
C545453,2011-03-02 16:57:00
572324,2011-10-24 09:52:00
554112,2011-05-22 14:44:00
554865,2011-05-27 10:37:00
563480,2011-08-16 15:52:00
571934,2011-10-20 08:21:00
554118,2011-05-22 15:26:00
554975,2011-05-29 10:40:00
544910,2011-02-24 14:32:00
554699,2011-05-26 09:17:00
572081,2011-10-20 14:13:00
545337,2011-03-01 17:28:00
536865,2010-12-03 11:28:00
555241,2011-06-01 13:32:00
563927,2011-08-21 15:01:00
571562,2011-10-18 10:04:00
545236,2011-03-01 10:32:00
536617,2010-12-02 10:17:00
C554516,2011-05-24 16:50:00
571640,2011-10-18 12:01:00
563200,2011-08-14 10:49:00
563900,2011-08-21 11:05:00
564093,2011-08-23 10:29:00
C563752,2011-08-19 10:38:00
545657,2011-03-04 14:02:00
545046,2011-02-27 11:42:00
554485,2011-05-24 13:22:00
C572109,2011-10-20 18:24:00
536976,2010-12-03 14:18:00
545545,2011-03-03 15:02:00
554957,2011-05-27 15:17:00
545460,2011-03-02 17:32:00
536385,2010-12-01 09:56:00
554789,2011-05-26 12:07:00
C555265,2011-06-01 16:06:00
554491,2011-05-24 13:50:00
563946,2011-08-22 10:15:00
571912,2011-10-19 15:26:00
554557,2011-05-25 10:12:00
554307,2011-05-23 14:59:00
554696,2011-05-25 17:14:00
563206,2011-08-14 12:08:00
563215,2011-08-14 12:56:00
536836,2010-12-02 18:08:00
C563483,2011-08-16 15:59:00
555109,2011-05-31 14:19:00
555098,2011-05-31 13:39:00
563434,2011-08-16 12:21:00
545465,2011-03-03 09:25:00
537217,2010-12-05 15:40:00
C536826,2010-12-02 17:30:00
571746,2011-10-19 10:56:00
572487,2011-10-24 13:52:00
563244,2011-08-15 10:49:00
C554541,2011-05-24 17:50:00
554268,2011-05-23 12:59:00
545536,2011-03-03 14:12:00
554998,2011-05-29 15:35:00
572234,2011-10-21 14:41:00
563922,2011-08-21 14:10:00
563506,2011-08-17 09:48:00
572539,2011-10-24 16:10:00
572344,2011-10-24 10:43:00
563552,2011-08-17 13:06:00
536407,2010-12-01 11:34:00
564144,2011-08-23 11:53:00
572093,2011-10-20 14:51:00
536600,2010-12-02 08:32:00
545085,2011-02-28 11:19:00
545543,2011-03-03 14:43:00
C554339,2011-05-23 17:39:00
572225,2011-10-21 13:50:00
536378,2010-12-01 09:37:00
C571927,2011-10-19 16:41:00
571863,2011-10-19 13:49:00
571904,2011-10-19 14:41:00
563300,2011-08-15 12:57:00
C571543,2011-10-17 16:53:00
563890,2011-08-19 16:34:00
571686,2011-10-18 14:22:00
544933,2011-02-25 08:44:00
544801,2011-02-23 13:48:00
C554793,2011-05-26 12:41:00
572462,2011-10-24 13:06:00
572065,2011-10-20 13:06:00
571898,2011-10-19 14:20:00
536628,2010-12-02 10:54:00
572057,2011-10-20 12:41:00
537031,2010-12-03 16:45:00
537035,2010-12-03 17:21:00
563839,2011-08-19 13:24:00
545035,2011-02-25 17:03:00
544895,2011-02-24 12:22:00
C545436,2011-03-02 15:52:00
C536625,2010-12-02 10:46:00
C555239,2011-06-01 13:00:00
571688,2011-10-18 14:24:00
572549,2011-10-24 17:03:00
536635,2010-12-02 11:22:00
571837,2011-10-19 12:11:00
C554558,2011-05-25 10:24:00
545410,2011-03-02 12:18:00
536566,2010-12-01 15:21:00
554603,2011-05-25 11:14:00
563841,2011-08-19 13:35:00
536643,2010-12-02 11:57:00
545223,2011-03-01 08:58:00
572219,2011-10-21 13:17:00
571432,2011-10-17 13:03:00
572073,2011-10-20 13:46:00
563502,2011-08-17 08:50:00
536372,2010-12-01 09:01:00
554126,2011-05-23 09:14:00
554365,2011-05-24 10:22:00
537220,2010-12-05 15:49:00
536997,2010-12-03 15:30:00
564145,2011-08-23 12:18:00
563597,2011-08-18 06:20:00
563251,2011-08-15 11:39:00
544914,2011-02-24 15:39:00
571689,2011-10-18 14:28:00
C563609,2011-08-18 06:34:00
563623,2011-08-18 10:23:00
C572450,2011-10-24 12:35:00
554705,2011-05-26 10:12:00
545103,2011-02-28 11:57:00
C536818,2010-12-02 17:09:00
571502,2011-10-17 15:18:00
C572471,2011-10-24 13:33:00
545001,2011-02-25 12:40:00
536570,2010-12-01 15:35:00
545279,2011-03-01 11:36:00
554703,2011-05-26 10:03:00
544817,2011-02-23 16:44:00
555245,2011-06-01 14:12:00
C554871,2011-05-27 10:58:00
C545277,2011-03-01 11:31:00
572296,2011-10-23 14:28:00
537010,2010-12-03 15:38:00
C544828,2011-02-24 09:49:00
563616,2011-08-18 09:39:00
571713,2011-10-18 16:58:00
571557,2011-10-18 09:25:00
C563240,2011-08-15 10:06:00
536415,2010-12-01 11:57:00
554936,2011-05-27 13:30:00
545328,2011-03-01 15:47:00
545474,2011-03-03 10:55:00
545647,2011-03-04 12:46:00
564046,2011-08-22 12:59:00
563568,2011-08-17 14:45:00
536636,2010-12-02 11:23:00
545430,2011-03-02 14:50:00
564067,2011-08-22 15:07:00
563333,2011-08-15 13:09:00
555259,2011-06-01 15:31:00
571852,2011-10-19 13:20:00
563689,2011-08-18 12:43:00
536946,2010-12-03 12:28:00
555276,2011-06-01 17:28:00
563369,2011-08-16 09:25:00
563847,2011-08-19 14:49:00
555133,2011-05-31 15:32:00
555010,2011-05-31 10:38:00
C563612,2011-08-18 06:39:00
554991,2011-05-29 14:03:00
545012,2011-02-25 13:08:00
536537,2010-12-01 13:51:00
545469,2011-03-03 10:09:00
563439,2011-08-16 13:05:00
554811,2011-05-26 13:20:00
572087,2011-10-20 14:30:00
572184,2011-10-21 10:51:00
537005,2010-12-03 15:35:00
537045,2010-12-05 10:54:00
C545449,2011-03-02 16:38:00
572054,2011-10-20 12:31:00
563347,2011-08-15 13:46:00
537017,2010-12-03 15:41:00
563836,2011-08-19 12:56:00
545447,2011-03-02 16:34:00
C554346,2011-05-23 17:48:00
545031,2011-02-25 15:35:00
545148,2011-02-28 12:14:00
563209,2011-08-14 12:23:00
545086,2011-02-28 11:43:00
C572470,2011-10-24 13:32:00
572468,2011-10-24 13:30:00
564019,2011-08-22 11:54:00
554490,2011-05-24 13:50:00
572090,2011-10-20 14:33:00
C544830,2011-02-24 09:59:00
545319,2011-03-01 14:42:00
554681,2011-05-25 16:04:00
536605,2010-12-02 08:52:00
C555274,2011-06-01 16:34:00
545018,2011-02-25 13:53:00
555164,2011-06-01 10:24:00
C545033,2011-02-25 16:26:00
563709,2011-08-18 15:17:00
545318,2011-03-01 14:26:00
544812,2011-02-23 15:58:00
572230,2011-10-21 14:29:00
572460,2011-10-24 12:54:00
545151,2011-02-28 12:46:00
571674,2011-10-18 13:22:00
563949,2011-08-22 10:38:00
554776,2011-05-26 11:43:00
572238,2011-10-21 14:50:00
536585,2010-12-01 16:24:00
571426,2011-10-17 12:41:00
554329,2011-05-23 16:52:00
554869,2011-05-27 10:55:00
555250,2011-06-01 14:58:00
536414,2010-12-01 11:52:00
C554849,2011-05-26 19:58:00
554489,2011-05-24 13:46:00
554347,2011-05-24 08:21:00
563913,2011-08-21 13:11:00
563374,2011-08-16 10:03:00
554676,2011-05-25 16:03:00
545190,2011-02-28 15:32:00
571317,2011-10-17 10:48:00
544969,2011-02-25 11:32:00
536954,2010-12-03 12:41:00
571945,2011-10-20 10:34:00
572243,2011-10-21 15:43:00
563242,2011-08-15 10:28:00
545150,2011-02-28 12:27:00
572282,2011-10-23 11:39:00
536981,2010-12-03 14:26:00
563356,2011-08-15 14:44:00
536991,2010-12-03 15:16:00
C537164,2010-12-05 13:21:00
C572346,2011-10-24 10:58:00
554628,2011-05-25 11:26:00
C544831,2011-02-24 10:01:00
563704,2011-08-18 14:03:00
571315,2011-10-17 10:47:00
C571321,2011-10-17 11:04:00
554598,2011-05-25 11:12:00
563383,2011-08-16 10:52:00
536992,2010-12-03 15:16:00
571684,2011-10-18 14:11:00
554503,2011-05-24 15:06:00
554853,2011-05-27 09:32:00
545308,2011-03-01 13:19:00
563454,2011-08-16 14:41:00
545347,2011-03-02 10:20:00
C554717,2011-05-26 11:04:00
C563433,2011-08-16 12:14:00
572514,2011-10-24 14:36:00
554854,2011-05-27 09:39:00
554497,2011-05-24 14:38:00
545063,2011-02-27 14:26:00
C563553,2011-08-17 13:14:00
545560,2011-03-03 16:12:00
545470,2011-03-03 10:26:00
572474,2011-10-24 13:36:00
C555262,2011-06-01 15:39:00
545222,2011-03-01 08:49:00
545183,2011-02-28 14:59:00
572130,2011-10-21 09:50:00
554358,2011-05-24 09:32:00
554368,2011-05-24 10:33:00
545324,2011-03-01 14:58:00
554697,2011-05-25 17:31:00
C545040,2011-02-27 10:25:00
554646,2011-05-25 12:39:00
571724,2011-10-19 08:20:00
564147,2011-08-23 12:21:00
563567,2011-08-17 14:44:00
563569,2011-08-17 14:47:00
571681,2011-10-18 13:44:00
545059,2011-02-27 13:04:00
563430,2011-08-16 11:50:00
563822,2011-08-19 12:13:00
555092,2011-05-31 13:08:00
554556,2011-05-25 10:11:00
563715,2011-08-18 16:08:00
554701,2011-05-26 09:33:00
572304,2011-10-23 15:07:00
536400,2010-12-01 10:53:00
545028,2011-02-25 15:21:00
571916,2011-10-19 15:34:00
536672,2010-12-02 12:10:00
555202,2011-06-01 12:11:00
571545,2011-10-17 16:59:00
536673,2010-12-02 12:11:00
563954,2011-08-22 10:59:00
537032,2010-12-03 16:50:00
545534,2011-03-03 14:05:00
563257,2011-08-15 12:07:00
572353,2011-10-24 11:40:00
C572223,2011-10-21 13:36:00
563740,2011-08-19 08:13:00
545567,2011-03-03 16:14:00
563563,2011-08-17 14:03:00
563845,2011-08-19 14:39:00
537198,2010-12-05 14:03:00
571638,2011-10-18 11:55:00
572216,2011-10-21 12:56:00
571322,2011-10-17 11:05:00
555159,2011-06-01 09:06:00
545043,2011-02-27 11:05:00
554664,2011-05-25 14:40:00
